stdname,sysname
Uncharacterized,YGR164W
MTC4,YBR255W
PET8,YNL003C
FHN1,YGR131W
IML2,YJL082W
CDC28,YBR160W
CKS1,YBR135W
FUN14,YAL008W
Uncharacterized,YPL191C
CLG1,YGL215W
MUD2,YKL074C
Uncharacterized,YNL170W
Uncharacterized,YPL039W
Uncharacterized,YJL142C
AYR1,YIL124W
ICS3,YJL077C
HUL5,YGL141W
Uncharacterized,YKL083W
THR1,YHR025W
ASK1,YKL052C
TIR4,YOR009W
PFD1,YJL179W
ATG29,YPL166W
MAE1,YKL029C
MSN1,YOL116W
HIR1,YBL008W
SMC5,YOL034W
CAB5,YDR196C
PPG1,YNR032W
GIS2,YNL255C
Uncharacterized,YCL023C
ARC15,YIL062C
PET494,YNR045W
SEC65,YML105C
RCF2,YNR018W
Uncharacterized,YIL059C
BNA6,YFR047C
BET1,YIL004C
CAF40,YNL288W
POC4,YPL144W
Uncharacterized,YJR115W
Uncharacterized,YHR078W
ILV5,YLR355C
HTA2,YBL003C
TEL2,YGR099W
EXO1,YOR033C
EXG1,YLR300W
HIR3,YJR140C
QDR3,YBR043C
Uncharacterized,YHR112C
Uncharacterized,YOR062C
NFT1,YKR103W
ERG11,YHR007C
Uncharacterized,YER121W
LOT6,YLR011W
HBS1,YKR084C
Uncharacterized,YNL144C
EAP1,YKL204W
IMG1,YCR046C
OPT2,YPR194C
ROK1,YGL171W
PNT1,YOR266W
SHE9,YDR393W
UGA1,YGR019W
JLP1,YLL057C
Uncharacterized,YNL208W
BUD19,YJL188C
PHO89,YBR296C
MET2,YNL277W
YET2,YMR040W
RSN1,YMR266W
SED1,YDR077W
RLM1,YPL089C
TRS23,YDR246W
CYB2,YML054C
CAB4,YGR277C
FEN2,YCR028C
MPD1,YOR288C
SCM3,YDL139C
OAF3,YKR064W
Uncharacterized,YGR259C
Uncharacterized,YLR179C
GLE2,YER107C
HSP32,YPL280W
ARP8,YOR141C
CHS2,YBR038W
RNA15,YGL044C
SRO77,YBL106C
TIF6,YPR016C
MRPL39,YML009C
ASP3-2,YLR157C
FRD1,YEL047C
TCB3,YML072C
PEX7,YDR142C
PSA1,YDL055C
OTU1,YFL044C
Uncharacterized,YBR116C
URA2,YJL130C
RAM2,YKL019W
PAL1,YDR348C
STN1,YDR082W
BOI1,YBL085W
SEC5,YDR166C
FAS1,YKL182W
SQT1,YIR012W
NMD4,YLR363C
CSN9,YDR179C
Uncharacterized,YML089C
ATG23,YLR431C
RQC1,YDR333C
SMA1,YPL027W
PET10,YKR046C
NCA3,YJL116C
NPA3,YJR072C
GAP1,YKR039W
APL1,YJR005W
SRB2,YHR041C
CHZ1,YER030W
CDH1,YGL003C
HEM12,YDR047W
CYK3,YDL117W
RQC2,YPL009C
HER2,YMR293C
RRB1,YMR131C
SLM1,YIL105C
IME4,YGL192W
HXT8,YJL214W
MSW1,YDR268W
RMR1,YGL250W
CPA2,YJR109C
NDL1,YLR254C
ERG13,YML126C
NGR1,YBR212W
MCM10,YIL150C
ATG26,YLR189C
Uncharacterized,YLR349W
SYH1,YPL105C
RPL11b,YGR085C
LYS5,YGL154C
ENP2,YGR145W
Uncharacterized,YKL177W
TIR2,YOR010C
CLD1,YGR110W
GDH2,YDL215C
UTP11,YKL099C
Uncharacterized,YNR066C
CST9,YLR394W
IPK1,YDR315C
PIG2,YIL045W
CCC1,YLR220W
RPC31,YNL151C
LEU4,YNL104C
FUS2,YMR232W
SAL1,YNL083W
SNU13,YEL026W
DIP5,YPL265W
TGL5,YOR081C
HER1,YOR227W
CCA1,YER168C
DFG5,YMR238W
Uncharacterized,YGR050C
FAL1,YDR021W
PUS2,YGL063W
PUS1,YPL212C
IMA2,YOL157C
NOP58,YOR310C
Uncharacterized,YOR345C
SYT1,YPR095C
CCT6,YDR188W
SAW1,YAL027W
MTO1,YGL236C
NSG1,YHR133C
KCS1,YDR017C
ICE2,YIL090W
YPC1,YBR183W
RRT8,YOL048C
Uncharacterized,YCR007C
BRR1,YPR057W
YEA4,YEL004W
Uncharacterized,YLL032C
Uncharacterized,YGR290W
MRPL1,YDR116C
KIN1,YDR122W
BFR2,YDR299W
Uncharacterized,YLR030W
Uncharacterized,YNL234W
APM4,YOL062C
CDC6,YJL194W
IRC10,YOL015W
YRF1-5,YLR467W
ERG3,YLR056W
MET7,YOR241W
BDF2,YDL070W
QRI5,YLR204W
KTI12,YKL110C
Uncharacterized,YPR039W
MEH1,YKR007W
VPS9,YML097C
Uncharacterized,YDL096C
SAF1,YBR280C
EGD2,YHR193C
SWT21,YNL187W
RIO1,YOR119C
Uncharacterized,YMR141C
EMC6,YLL014W
ATP1,YBL099W
RAD26,YJR035W
IAH1,YOR126C
MSS1,YMR023C
Uncharacterized,YBL062W
KAP104,YBR017C
Uncharacterized,YOR199W
ORC4,YPR162C
TRS65,YGR166W
RPF1,YHR088W
Uncharacterized,YCR061W
RGC1,YPR115W
ENT1,YDL161W
Uncharacterized,YKL050C
HIT1,YJR055W
AGX1,YFL030W
MRP7,YNL005C
LSG1,YGL099W
RSA1,YPL193W
RPI1,YIL119C
Uncharacterized,YGL217C
Uncharacterized,YLR379W
Uncharacterized,YJL144W
HSL7,YBR133C
HOM6,YJR139C
PRY1,YJL079C
TOS1,YBR162C
AAD14,YNL331C
APC1,YNL172W
AHA1,YDR214W
CKB1,YGL019W
CDC60,YPL160W
Uncharacterized,YGR201C
FAP1,YNL023C
Uncharacterized,YNL058C
STH1,YIL126W
Uncharacterized,YOL036W
YNG1,YOR064C
IRA2,YOL081W
MRPL27,YBR282W
SME1,YOR159C
ARO2,YGL148W
ATP14,YLR295C
MTG2,YHR168W
MSS116,YDR194C
Uncharacterized,YFR045W
ALG12,YNR030W
INP51,YIL002C
Uncharacterized,YKL076C
PTH4,YOL114C
PKH3,YDR466W
SIP3,YNL257C
NSR1,YGR159C
RRT5,YFR032C
MF(ALPHA)2,YGL089C
LCP5,YER127W
SHE10,YGL228W
RSC2,YLR357W
DCP2,YNL118C
STE24,YJR117W
MEU1,YLR017W
Uncharacterized,YCL068C
ERP5,YHR110W
PAU21,YOR394W
FAT1,YBR041W
ACH1,YBL015W
ATP4,YPL078C
PRM7,YDL039C
BOR1,YNL275W
Uncharacterized,YKL202W
FRE5,YOR384W
DSE3,YOR264W
UBR1,YGR184C
FRE6,YLL051C
ADE1,YAR015W
Uncharacterized,YOR366W
SXM1,YDR395W
SIC1,YLR079W
BLS1,YLR408C
UTP15,YMR093W
CCP1,YKR066C
PRP24,YMR268C
Uncharacterized,YOR169C
PET100,YDR079W
NOT5,YPR072W
DAK1,YML070W
ILV2,YMR108W
KIN82,YCR091W
PEX5,YDR244W
Uncharacterized,YER189W
GPP2,YER062C
Uncharacterized,YJL009W
ARF2,YDL137W
SLH1,YGR271W
RTN1,YDR233C
ENV11,YGR071C
Uncharacterized,YBL100C
RDS1,YCR106W
SLD5,YDR489W
PAU22,YPL282C
Uncharacterized,YDL057W
Uncharacterized,YPR014C
Uncharacterized,YLR122C
Uncharacterized,YEL045C
ASP3-1,YLR155C
RVB2,YPL235W
RPL23a,YBL087C
Uncharacterized,YJL132W
MKC7,YDR144C
OST2,YOR103C
CDC55,YGL190C
ALG1,YBR110W
FMP32,YFL046W
RPS17b,YDR447C
BDH2,YAL061W
CMC1,YKL137W
Uncharacterized,YNL324W
ASN1,YPR145W
ECM23,YPL021W
GPI8,YDR331W
MRPL8,YJL063C
DSN1,YIR010W
UIP5,YKR044W
IMD4,YML056C
CNA1,YLR433C
AVO2,YMR068W
RRP42,YDL111C
DOG2,YHR043C
FIR1,YER032W
LIA1,YJR070C
COG7,YGL005C
Uncharacterized,YFL068W
REC114,YMR133W
TFC8,YPL007C
RCN1,YKL159C
FES1,YBR101C
UBC5,YDR059C
VPS33,YLR396C
IMA5,YJL216C
ISW1,YBR245C
ERV15,YBR210W
FMP30,YPL103C
DPH1,YIL103W
Uncharacterized,YJR096W
Uncharacterized,YIL152W
MDM10,YAL010C
SKN1,YGR143W
SHY1,YGR112W
HAP1,YLR256W
Uncharacterized,YOR012W
ENO2,YHR174W
RPP1,YHR062C
NOP6,YDL213C
SNM1,YDR478W
HIM1,YDR317W
Uncharacterized,YKL097C
INP52,YNL106C
AMF1,YOR378W
GSY1,YFR015C
Uncharacterized,YIL092W
SFH1,YLR321C
RPS10b,YMR230W
FMP48,YGR052W
COS5,YJR161C
Uncharacterized,YAL066W
MKT1,YNL085W
HEM4,YOR278W
SRP72,YPL210C
DUO1,YGL061C
YVC1,YOR087W
PYK2,YOR347C
"ADE5,7",YGL234W
HPF1,YOL155C
MYO4,YAL029C
ASR1,YPR093C
TFG1,YGR186W
ARO80,YDR421W
YCK1,YHR135C
DPL1,YDR294C
Uncharacterized,YDR015C
BUD21,YOR078W
PUS7,YOR243C
RPS6b,YBR181C
PAH1,YMR165C
CIT2,YCR005C
SEC8,YPR055W
PUT2,YHR037W
YRF1-3,YGR296W
RAD5,YLR032W
RRT7,YLL030C
Uncharacterized,YDR114C
RIB1,YBL033C
RPL19b,YBL027W
MAM3,YOL060C
Uncharacterized,YLL065W
Uncharacterized,YBR099C
RXT3,YDL076C
CSL4,YNL232W
Uncharacterized,YOR225W
Uncharacterized,YLR465C
RLP24,YLR009W
OSW2,YLR054C
Uncharacterized,YBR209W
AIM7,YDR063W
SOP4,YJL192C
Uncharacterized,YOR292C
TRM1,YDR120C
SNU23,YDL098C
Uncharacterized,YLR202C
RPM2,YML091C
SEN2,YLR105C
CTF8,YHR191C
ERG28,YER044C
Uncharacterized,YDR278C
Uncharacterized,YKR005C
RPS16a,YMR143W
SRP1,YNL189W
POF1,YCL047C
NAB2,YGL122C
BUD31,YCR063W
ERP3,YDL018C
GPH1,YPR160W
Uncharacterized,YNL303W
TMA19,YKL056C
Uncharacterized,YPL068C
Uncharacterized,YDL163W
Uncharacterized,YGR160W
GAL10,YBR019C
YEL1,YBL060W
CDC8,YJR057W
NCS6,YGL211W
Uncharacterized,YFL032W
MGR1,YCL044C
SIS1,YNL007C
FBP1,YLR377C
ECM1,YAL059W
PPT2,YPL148C
MET5,YJR137C
MAC1,YMR021C
SDD2,YMR074C
PIN2,YOR104W
Uncharacterized,YJR039W
LSM6,YDR378C
Uncharacterized,YDL158C
CDC4,YFL009W
Uncharacterized,YLR297W
Uncharacterized,YLR279W
ADR1,YDR216W
HDA1,YNL021W
QDR1,YIL120W
RRP46,YGR095C
FUS1,YCL027W
YHI9,YHR029C
POP5,YAL033W
MRPS12,YNR036C
Uncharacterized,YBR284W
NRD1,YNL251C
MSO1,YNR049C
NUP42,YDR192C
MSB4,YOL112W
ZDS2,YML109W
ATG34,YOL083W
Uncharacterized,YBR266C
UTP20,YBL004W
ARL1,YBR164C
KTR6,YPL053C
Uncharacterized,YIL055C
QNS1,YHR074W
SPP41,YDR464W
MET10,YFR030W
CCZ1,YBR131W
DHR2,YKL078W
DRN1,YGR093W
Uncharacterized,YNR014W
RSP5,YER125W
Uncharacterized,YER152C
BRE2,YLR015W
NIT3,YLR351C
COX23,YHR116W
APM1,YPL259C
BSC1,YDL037C
SIR3,YLR442C
ECM34,YHL043W
CBP2,YHL038C
Uncharacterized,YOR364W
PHR1,YOR386W
NCB2,YDR397C
SGE1,YPR198W
WAR1,YML076C
Uncharacterized,YLL053C
SNX41,YDR425W
Uncharacterized,YOR331C
UTP30,YKR060W
NPL6,YMR091C
"ARG5,6",YER069W
PRE1,YER012W
RDI1,YDL135C
CDC39,YCR093W
Uncharacterized,YGR273C
TAT1,YBR069C
PAU3,YCR104W
ENA1,YDR040C
SFB3,YHR098C
HEM2,YGL040C
COQ6,YGR255C
SUI3,YPL237W
LHP1,YDL051W
SFT2,YBL102W
Uncharacterized,YPR012W
YPS1,YLR120C
FKH2,YNL068C
Uncharacterized,YEL043W
Uncharacterized,YJL169W
SWI5,YDR146C
CYC8,YBR112C
Uncharacterized,YBL081W
Uncharacterized,YFL040W
HTB2,YBL002W
PFA3,YNL326C
MRPS28,YDR337W
Uncharacterized,YPR147C
APT2,YDR441C
COX20,YDR231C
MDV1,YJL112W
NUP82,YJL061W
MET12,YPL023C
Uncharacterized,YKL131W
SEC62,YPL094C
SML1,YML058W
CDC11,YJR076C
APE2,YKL157W
COQ1,YBR003W
Uncharacterized,YNL193W
Uncharacterized,YER034W
Uncharacterized,YFL066C
NTC20,YBR188C
BRP1,YGL007W
AEP3,YPL005W
RPL37a,YLR185W
GID8,YMR135C
ENP1,YBR247C
ATG20,YDL113C
SCD6,YPR129W
PEX2,YJL210W
AUR1,YKL004W
GSY2,YLR258W
PTP2,YOR208W
PEP4,YPL154C
IMP2',YIL154C
ELP4,YPL101W
SKI2,YLR398C
XBP1,YIL101C
THI13,YDL244W
YFT2,YDR319C
Uncharacterized,YJR098C
Uncharacterized,YJR018W
FMO1,YHR176W
YJU2,YKL095W
Uncharacterized,YDL211C
Uncharacterized,YBR178W
LEU3,YLR451W
Uncharacterized,YNR077C
Uncharacterized,YOL099C
MRP13,YGR084C
IGD1,YFR017C
SEC28,YIL076W
PEX15,YOL044W
LYS12,YIL094C
OST3,YOR085W
Uncharacterized,YGR054W
Uncharacterized,YGR114C
CWC24,YLR323C
TCB2,YNL087W
EST2,YLR318W
RPA190,YOR341W
Uncharacterized,YOR050C
HXT16,YJR158W
MHR1,YDR296W
TAN1,YGL232W
VPS62,YGR141W
GDT1,YBR187W
Uncharacterized,YAR030C
NVJ2,YPR091C
ARO9,YHR137W
GAL1,YBR020W
INP2,YMR163C
PAU12,YGR294W
Uncharacterized,YEL008W
HXT7,YDR342C
Uncharacterized,YLL067C
MRPL32,YCR003W
CIK1,YMR198W
RIB2,YOL066C
SWF1,YDR126W
RRN10,YBL025W
Uncharacterized,YDR112W
PCL6,YER059W
RAD53,YPL153C
Uncharacterized,YPL216W
CDC73,YLR418C
TRS130,YMR218C
ERG7,YHR072W
BRE1,YDL074C
RPS22a,YJL190C
DSC3,YOR223W
IST1,YNL265C
GEA2,YEL022W
Uncharacterized,YLR463C
FLO5,YHR211W
Uncharacterized,YDR445C
LDB18,YLL049W
FET3,YMR058W
MHP1,YJL042W
RPL18b,YNL301C
MRP2,YPR166C
ELA1,YNL230C
RIX1,YHR197W
SNF2,YOR290C
APN1,YKL114C
Uncharacterized,YDR061W
RPS17a,YML024W
PMP3,YDR276C
UTP14,YML093W
YKE2,YLR200W
APL2,YKL135C
Uncharacterized,YPL278C
OSH6,YKR003W
REX3,YLR107W
Uncharacterized,YMR321C
TMT1,YER175C
Uncharacterized,YDL183C
SHH3,YMR118C
Uncharacterized,YCL049C
STB3,YDR169C
SGT1,YOR057W
SEF1,YBL066C
RMD9,YGL107C
RPN7,YPR108W
Uncharacterized,YLR169W
SCS7,YMR272C
CDC36,YDL165W
TIF4631,YGR162W
IDP3,YNL009W
DEF1,YKL054C
URC2,YDR520C
OSM1,YJR051W
Uncharacterized,YKL023W
MIL1,YFL034W
MCM22,YJR135C
Uncharacterized,YJR037W
CRZ1,YNL027W
GCD7,YLR291C
SKI8,YGL213C
TDA10,YGR205W
PDS5,YMR076C
Uncharacterized,YDR210W
POG1,YIL122W
ASK10,YGR097W
HMF1,YER057C
THG1,YGR024C
PTP1,YDL230W
RSM7,YJR113C
YVH1,YIR026C
SEC6,YIL068C
AGP1,YCL025C
Uncharacterized,YOL085C
SOL1,YNR034W
POP3,YNL282W
ROG1,YGL144C
TEX1,YNL253W
RVB1,YDR190C
LDB7,YBL006C
GIP4,YAL031C
YPT10,YBR264C
MRPL28,YDR462W
CLB1,YGR108W
TYR1,YBR166C
Uncharacterized,YPL197C
SWC5,YBR231C
RGI2,YIL057C
RPA34,YJL148W
RPL40a,YIL148W
MSP1,YGR028W
BUD8,YLR353W
BZZ1,YHR114W
ACC1,YNR016C
CDC26,YFR036W
LGE1,YPL055C
SPI1,YER150W
URH1,YDR400W
CTR9,YOL145C
CHS6,YJL099W
Uncharacterized,YDL068W
MDM38,YOL027C
PRM1,YNL279W
Uncharacterized,YPL257W
VPS30,YPL120W
PRE10,YOR362C
GLC8,YMR311C
MAF1,YDR005C
BUB1,YGR188C
SHR5,YOL110W
SKG6,YHR149C
URA7,YBL039C
Uncharacterized,YHL041W
Uncharacterized,YML003W
PBP4,YDL053C
CUS2,YNL286W
TFA2,YKR062W
Uncharacterized,YER010C
MTG1,YMR097C
Uncharacterized,YLR126C
FPR3,YML074C
HOM2,YDR158W
GPR1,YDL035C
Uncharacterized,YCR102C
SRF1,YDL133W
Uncharacterized,YMR253C
HXT5,YHR096C
CDC31,YOR257W
Uncharacterized,YGR228W
Uncharacterized,YDR042C
Uncharacterized,YDR467C
THP3,YPR045C
Uncharacterized,YEL014C
PUP2,YGR253C
PRP38,YGR075C
SMT3,YDR510W
SWC4,YGR002C
PEP3,YLR148W
FAS2,YPL231W
RPA135,YPR010C
PSO2,YMR137C
RPL13a,YDL082W
RSM22,YKL155C
LAM5,YFL042C
Uncharacterized,YBL083C
PNG1,YPL096W
MSN5,YDR335W
KGD2,YDR148C
SSN2,YDR443C
RGS2,YOR107W
Uncharacterized,YJL067W
KAR3,YPR141C
SUB1,YMR039C
DUG3,YNL191W
Uncharacterized,YFL064C
DIF1,YLR437C
OCA4,YCR095C
PAT1,YCR077C
MRPL7,YDR237W
GZF3,YJL110C
SOF1,YLL011W
NAP1,YKR048C
ULA1,YPL003W
NTH2,YBR001C
SLD2,YKL108W
MOG1,YJR074W
IME1,YJR094C
NOP14,YDL148C
Uncharacterized,YPR127W
Uncharacterized,YBR241C
UBP7,YIL156W
HSH155,YMR288W
CYS3,YAL012W
SKG3,YLR187W
OPT1,YJL212C
PRM4,YPL156C
RFA2,YNL312W
BMH2,YDR099W
PXA2,YKL188C
Uncharacterized,YKL133C
MBR1,YKL093W
NMD3,YHR170W
ESP1,YGR098C
YAP6,YDR259C
NUP100,YKL068W
MIX17,YMR002W
VPS63,YLR261C
CBC2,YPL178W
SOR2,YDL246C
Uncharacterized,YOL046C
BMT5,YIL096C
SER3,YER081W
Uncharacterized,YPR202W
MIC19,YFR011C
NBP1,YLR457C
TMC1,YOR052C
ALG2,YGL065C
MPA43,YNL249C
RSC1,YGR056W
Uncharacterized,YHL008C
SER33,YIL074C
Uncharacterized,YBR012C
CSS3,YOL159C
Uncharacterized,YGL230C
SPT6,YGR116W
MBA1,YBR185C
OPY1,YBR129C
Uncharacterized,YOR343C
Uncharacterized,YDR290W
GCV1,YDR019C
Uncharacterized,YIR042C
TBS1,YBR150C
VBA5,YKR105C
AVT6,YER119C
LCD1,YDR499W
CTR86,YCR054C
SNO4,YMR322C
Uncharacterized,YMR196W
MMP1,YLL061W
RAD30,YDR419W
MCM2,YBL023C
THI6,YPL214C
FOB1,YDR110W
Uncharacterized,YGL165C
MET22,YOL064C
MCT1,YOR221C
MOD5,YOR274W
Uncharacterized,YHR213W
Uncharacterized,YDR124W
SCD5,YOR329C
SSL1,YLR005W
TIM17,YJL143W
PIK1,YNL267W
Uncharacterized,YLR050C
PAU4,YLR461W
MCK1,YNL307C
OCA6,YDR067C
Uncharacterized,YOR296W
GYP6,YJL044C
MMS1,YPR164W
PRB1,YEL060C
Uncharacterized,YLR101C
Uncharacterized,YDR274C
RPS18b,YML026C
IVY1,YDR229W
POA1,YBR022W
INH1,YDL181W
GSF2,YML048W
UBA3,YPR066W
PRX1,YBL064C
BMH1,YER177W
STP2,YHR006W
RRN9,YMR270C
MCH2,YKL221W
SCS3,YGL126W
RPS31,YLR167W
GSP1,YLR293C
ECM22,YLR228C
BFA1,YJR053W
TOH1,YJL171C
PHO92,YDR374C
MAK11,YKL021C
VID22,YLR373C
NRP1,YDL167C
VPS1,YKR001C
RPS29a,YLR388W
DYN1,YKR054C
LYS1,YIR034C
PDR1,YGL013C
MOT3,YMR070W
TCP1,YDR212W
Uncharacterized,YLR456W
ASP1,YDR321W
CIR1,YGR207C
COX5a,YNL052W
Uncharacterized,YGL188C
SSN8,YNL025C
PRP31,YGR091W
ICY1,YMR195W
OST4,YDL232W
DBP1,YPL119C
DUF1,YOL087C
Uncharacterized,YNL134C
ARV1,YLR242C
BAT2,YJR148W
Uncharacterized,YEL010W
MMF1,YIL051C
Uncharacterized,YCR051W
MIC12,YBR262C
Uncharacterized,YPL199C
RPO41,YFL036W
Uncharacterized,YAL037W
CWC2,YDL209C
RRT6,YGL146C
CSE2,YNR010W
TRM5,YHR070W
ESF1,YDR365C
CDA2,YLR308W
PSD1,YNL169C
PHO4,YFR034C
SUR1,YPL057C
TFB3,YDR460W
UPS1,YLR193C
DBP2,YNL112W
PDE2,YOR360C
ALA1,YOR335C
HFM1,YGL251C
ARN2,YHL047C
Uncharacterized,YER156C
BBP1,YPL255W
TRP1,YDR007W
UTR4,YEL038W
BUD3,YCL014W
RKI1,YOR095C
LAG2,YOL025W
ERG24,YNL280C
PEX11,YOL147C
RKM1,YPL208W
Uncharacterized,YPR089W
PBP2,YBR233W
Uncharacterized,YDL086W
COG2,YGR120C
TOS3,YGL179C
POT1,YIL160C
TFB2,YPL122C
TGL3,YMR313C
Uncharacterized,YLR124W
YPT7,YML001W
TPO1,YLL028W
BIM1,YER016W
SED5,YLR026C
THI74,YDR438W
MRX7,YNL211C
ARP3,YJR065C
HXT1,YHR094C
SNO1,YMR095C
SLM3,YDL033C
GFD1,YMR255W
CRG1,YHR209W
BRR6,YGL247W
Uncharacterized,YCR100C
EMI2,YDR516C
NPP2,YEL016C
NOP19,YGR251W
HEM13,YDR044W
YGK3,YOL128C
OSW1,YOR255W
MAS2,YHR024C
MSF1,YPR047W
Uncharacterized,YOR200W
NSL1,YPL233W
CBP3,YPL215W
RIM11,YMR139W
Uncharacterized,YNL296W
Uncharacterized,YOR105W
Uncharacterized,YKL153W
Uncharacterized,YDR541C
YRM1,YOR172W
Uncharacterized,YFL019C
SHP1,YBL058W
WHI3,YNL197C
RPS6a,YPL090C
RRP15,YPR143W
COS4,YFL062W
KRE1,YNL322C
Uncharacterized,YDR340W
Uncharacterized,YPR078C
MRPL4,YLR439W
KRE29,YER038C
PRP42,YDR235W
RPS18a,YDR450W
LRE1,YCL051W
HMRA1,YCR097W
PET18,YCR020C
YLH47,YPR125W
FSH1,YHR049W
LOH1,YJL038C
PRP4,YPR178W
SYN8,YAL014C
ASI2,YNL159C
DSF2,YBR007C
HAT1,YPL001W
Uncharacterized,YNL319W
IMP4,YNL075W
VTC4,YJL012C
DLS1,YJL065C
VTA1,YLR181C
VPS51,YKR020W
SSK22,YCR073C
Uncharacterized,YPL150W
ALG7,YBR243C
STB2,YMR053C
Uncharacterized,YKL066W
MVP1,YMR004W
RED1,YLR263W
LRG1,YDL240W
GET2,YER083C
TRE1,YPL176C
SPC97,YHR172W
UPF3,YGR072W
IOC3,YFR013W
ARD1,YHR013C
GRX1,YCL035C
YKE4,YIL023C
MAN2,YNR073C
Uncharacterized,YDR401W
RPS15,YOL040C
Uncharacterized,YML133C
HOP1,YIL072W
TMA10,YLR327C
ROT2,YBR229C
MUB1,YMR100W
PDP3,YLR455W
Uncharacterized,YNL247W
ARR2,YPR200C
CDC14,YFR028C
ANS1,YHR126C
RPL36a,YMR194W
SWH1,YAR042W
SPP381,YBR152W
MLH1,YMR167W
Uncharacterized,YOR072W
VHS3,YOR054C
SRP101,YDR292C
RPL23b,YER117W
APC5,YOR249C
NIP1,YMR309C
Uncharacterized,YAR070C
AYT1,YLL063C
RAX1,YOR301W
CAF20,YOR276W
VPS21,YOR089C
ATP3,YBR039W
SRY1,YKL218C
CTL1,YMR180C
Uncharacterized,YOL131W
PHO12,YHR215W
RPL8b,YLL045C
Uncharacterized,YDR417C
RAD54,YGL163C
MBP1,YDL056W
HAP3,YBL021C
Uncharacterized,YLR156W
STV1,YMR054W
BXI1,YNL305C
NSE1,YLR007W
RRG1,YDR065W
Uncharacterized,YKR078W
ORC5,YNL261W
AIM22,YJL046W
Uncharacterized,YML020W
GLO2,YDR272W
ULS1,YOR191W
MAL11,YGR289C
RRS1,YOR294W
NPR2,YEL062W
Uncharacterized,YPR064W
CDC45,YLR103C
SIT4,YDL047W
RAD3,YER171W
NTO1,YPR031W
SCO2,YBR024W
COX12,YLR038C
ENA5,YDR038C
Uncharacterized,YDL187C
RPS7b,YNL096C
PUS5,YLR165C
DSK2,YMR276W
Uncharacterized,YEL059W
SWP1,YMR149W
PRP39,YML046W
MON1,YGL124C
CPR4,YCR069W
Uncharacterized,YKL223W
PGM1,YKL127W
TCD2,YKL027W
RFA3,YJL173C
GIR2,YDR152W
ROM2,YLR371W
NHA1,YLR138W
GIC2,YDR309C
VAC14,YLR386W
ABF2,YMR072W
SUL2,YLR092W
ATG17,YLR423C
UGX2,YDL169C
TRM2,YKR056W
SCL1,YGL011C
IRC24,YIR036C
RAV1,YJR033C
GYP7,YDL234C
Uncharacterized,YGR073C
PKR1,YMR123W
TOS4,YLR183C
VPS34,YLR240W
Uncharacterized,YNL050C
TRX2,YGR209C
CKB2,YOR039W
MPC1,YGL080W
EAF7,YNL136W
CSE4,YKL049C
YPT1,YFL038C
AIM24,YJR080C
BIK1,YCL029C
Uncharacterized,YGL140C
DBP6,YNR038W
KEI1,YDR367W
URK1,YNR012W
MNS1,YJR131W
NOP15,YNL110C
HXK2,YGL253W
PAU8,YAL068C
GPP1,YIL053W
GRX5,YPL059W
TEA1,YOR337W
Uncharacterized,YHL045W
ANY1,YMR010W
GUT1,YHL032C
Uncharacterized,YOR097C
ORC6,YHR118C
IFM1,YOL023W
MPS2,YGL075C
VIK1,YPL253C
OXA1,YER154W
Uncharacterized,YBR300C
ANP1,YEL036C
RGD1,YBR260C
SPC29,YPL124W
ERV46,YAL042W
FUN12,YAL035W
SUC2,YIL162W
VHC1,YBR235W
NTH1,YDR001C
PPM2,YOL141W
Uncharacterized,YHR145C
MSI1,YBR195C
TED1,YIL039W
Uncharacterized,YGR122W
RTA1,YGR213C
ATO3,YDR384C
Uncharacterized,YMR315W
YAP1,YML007W
THO1,YER063W
PHO8,YDR481C
TIF5,YPR041W
HEM14,YER014W
Uncharacterized,YDL199C
UBP14,YBR058C
GPI17,YDR434W
UBR2,YLR024C
RGR1,YLR071C
Uncharacterized,YER181C
HXT4,YHR092C
RRG9,YNL213C
Uncharacterized,YDR514C
Uncharacterized,YNL228W
HIS3,YOR202W
UBC9,YDL064W
DBP10,YDL031W
PET111,YMR257C
Uncharacterized,YBL108W
NAT5,YOR253W
GFA1,YKL104C
Uncharacterized,YGR079W
HEM25,YDL119C
NNR2,YKL151C
YIP4,YGL198W
MRH1,YDR033W
GUS1,YGL245W
PRP18,YGR006W
SCW4,YGR279C
IRS4,YKR019C
Uncharacterized,YOR170W
Uncharacterized,YCR022C
FAF1,YIL019W
Uncharacterized,YKR047W
POB3,YML069W
PTC3,YBL056W
SNO3,YFL060C
Uncharacterized,YNL195C
PRD1,YCL057W
BPT1,YLL015W
ARG82,YDR173C
RCR1,YBR005W
HSP26,YBR072W
"DUR1,2",YBR208C
Uncharacterized,YPR123C
PLB2,YMR006C
DIA4,YHR011W
TPD3,YAL016W
Uncharacterized,YJL150W
PAR32,YDL173W
ANB1,YJR047C
RRD2,YPL152W
APJ1,YNL077W
CMD1,YBR109C
SSU1,YPL092W
SMY2,YBR172C
SVF1,YDR346C
SUV3,YPL029W
NOP9,YJL010C
ABD1,YBR236C
Uncharacterized,YDL242W
Uncharacterized,YNL019C
NEJ1,YLR265C
MAM33,YIL070C
Uncharacterized,YJL225C
Uncharacterized,YER085C
MNR2,YKL064W
NTR2,YKR022C
NIP100,YPL174C
Uncharacterized,YLR287C
GYP1,YOR070C
TRM10,YOL093W
RPS9b,YBR189W
SRO9,YCL037C
DIT1,YDR403W
NGL1,YOL042W
Uncharacterized,YNR071C
Uncharacterized,YIL025C
Uncharacterized,YML131W
CWC25,YNL245C
INO4,YOL108C
MPP6,YNR024W
REC102,YLR329W
NOP4,YPL043W
DID4,YKL002W
EMC1,YCL045C
SKP1,YDR328C
SIR1,YKR101W
SPR6,YER115C
MSL1,YIR009W
Uncharacterized,YLR001C
RPB5,YBR154C
NDT80,YHR124W
SPT15,YER148W
AIM19,YIL087C
RRP5,YMR229C
HOP2,YGL033W
ENT4,YLL038C
CPA1,YOR303W
GYL1,YMR192W
Uncharacterized,YCR050C
NOB1,YOR056C
VPH1,YOR270C
HST1,YOL068C
FPS1,YLL043W
YIP5,YGL161C
DER1,YBR201W
RGM1,YMR182C
ARP10,YDR106W
Uncharacterized,YDR415C
HRT1,YOL133W
MTC5,YDR128W
TOM40,YMR203W
Uncharacterized,YHR217C
FAR3,YMR052W
YIF1,YNL263C
MIG3,YER028C
PEX27,YOR193W
ECM4,YKR076W
HTA1,YDR225W
LAS17,YOR181W
CCC2,YDR270W
HLR1,YDR528W
FCY1,YPR062W
BNS1,YGR230W
RAD24,YER173W
ETR1,YBR026C
VMA1,YDL185W
APP1,YNL094W
GRX6,YDL010W
TIM12,YBR091C
SDS23,YGL056C
OST6,YML019W
ALG5,YPL227C
FAD1,YDL045C
MAS1,YLR163C
DEG1,YFL001W
TFS1,YLR178C
NUP170,YBL079W
Uncharacterized,YKL225W
OCA2,YNL056W
RRN3,YKL125W
NUM1,YDR150W
Uncharacterized,YJL175W
MRPL38,YKL170W
TDA6,YPR157W
MFM1,YPL060W
IKI3,YLR384C
ARG81,YML099C
XDJ1,YLR090W
RPN13,YLR421C
SHR3,YDL212W
TRK2,YKR050W
SPO73,YER046W
CCT5,YJR064W
RPL15b,YMR121C
DCG1,YIR030C
FAR8,YMR029C
APT1,YML022W
ATE1,YGL017W
RPC53,YDL150W
ADE13,YLR359W
JHD2,YJR119C
PBA1,YLR199C
AAD15,YOL165C
ERF2,YLR246W
REV7,YIL139C
GPI15,YNL038W
Uncharacterized,YJL206C
CCT2,YIL142W
SRV2,YNL138W
OKP1,YGR179C
GPI10,YGL142C
GTF1,YGR102C
Uncharacterized,YGL082W
PHO13,YDL236W
BCP1,YDR361C
DMA2,YNL116W
Uncharacterized,YBR139W
ZRT1,YGL255W
GPI16,YHR188C
Uncharacterized,YJR087W
GMC2,YLR445W
YFH7,YFR007W
SBE22,YHR103W
Uncharacterized,YPL251W
HRR25,YPL204W
COS2,YBR302C
HNM1,YGL077C
TMA46,YOR091W
RPS25b,YLR333C
ECM29,YHL030W
PRP5,YBR237W
Uncharacterized,YGR026W
MRPL10,YNL284C
NSE3,YDR288W
CLN3,YAL040C
RIB4,YOL143C
NIT1,YIL164C
SIP2,YGL208W
Uncharacterized,YBR197C
MRPL6,YHR147C
STP22,YCL008C
ASN2,YGR124W
TUM1,YOR251C
SEC23,YPR181C
Uncharacterized,YMR317W
NAN1,YPL126W
AVT2,YEL064C
TRM12,YML005W
ERR1,YOR393W
DED1,YOR204W
RPL43a,YPR043W
RAD59,YDL059C
ERD2,YBL040C
UBC8,YEL012W
RPP2b,YDR382W
KRE2,YDR483W
CEM1,YER061C
SDO1,YLR022C
Uncharacterized,YLR402W
FAU1,YER183C
YNG2,YHR090C
RFU1,YLR073C
IDP1,YDL066W
SLT2,YHR030C
SAN1,YDR143C
TIR3,YIL011W
PCA1,YBR295W
RPS20,YHL015W
LYS9,YNR050C
CBT1,YKL208W
HYP2,YEL034W
PEX31,YGR004W
APL4,YPR029C
EMP47,YFL048C
KAR2,YJL034W
RPT6,YGL048C
COQ5,YML110C
AAT1,YKL106W
CLF1,YLR117C
TAD1,YGL243W
AVT5,YBL089W
SUB2,YDL084W
SLM5,YCR024C
HEM15,YOR176W
TOD6,YBL054W
INP53,YOR109W
CDC20,YGL116W
KAR4,YCL055W
ALG14,YBR070C
THI22,YPR121W
Uncharacterized,YGR226C
Uncharacterized,YMR102C
SLP1,YOR154W
IMG2,YCR071C
Uncharacterized,YPR174C
ATP11,YNL315C
PLB1,YMR008C
SSC1,YJR045C
YPS7,YDR349C
MSN4,YKL062W
GLT1,YDL171C
MET3,YJR010W
Uncharacterized,YJL218W
UTP13,YLR222C
DNF2,YDR093W
AEP2,YMR282C
SEC24,YIL109C
FRS2,YFL022C
SSY5,YJL156C
Uncharacterized,YPL109C
LAT1,YNL071W
VBA1,YMR088C
CTK1,YKL139W
ZPR1,YGR211W
Uncharacterized,YDR344C
TPH3,YJL016W
UTP18,YJL069C
IRC3,YDR332W
GUP2,YPL189W
NNT1,YLR285W
DTD1,YDL219W
BOP2,YLR267W
Uncharacterized,YNL017C
CSM1,YCR086W
COX10,YPL172C
DBP7,YKR024C
MRP20,YDR405W
SLI15,YBR156C
SPO21,YOL091W
SKI7,YOR076C
GAB1,YLR459W
RRP7,YCL031C
SEC12,YNR026C
SLA2,YNL243W
Uncharacterized,YHL044W
Uncharacterized,YPR204W
MON2,YNL297C
EMC5,YIL027C
NPL4,YBR170C
GPC1,YGR149W
SDS22,YKL193C
CDC25,YLR310C
MRX11,YPL041C
Uncharacterized,YPR099C
LRO1,YNR008W
DAN1,YJR150C
HXT10,YFL011W
PAU24,YBR301W
CMS1,YLR003C
TMN3,YER113C
CIA2,YHR122W
Uncharacterized,YHL017W
RRG7,YOR305W
RPL38,YLR325C
SGS1,YMR190C
KTR7,YIL085C
Uncharacterized,YCL076W
Uncharacterized,YDR413C
YTM1,YOR272W
HAP5,YOR358W
STE50,YCL032W
Uncharacterized,YAR029W
ADD37,YMR184W
KEX2,YNL238W
PHO90,YJL198W
AIM29,YKR074W
PRO2,YOR323C
CHO1,YER026C
SLK19,YOR195W
RAD14,YMR201C
SDH2,YLL041C
MEF1,YLR069C
CAT2,YML042W
ARO7,YPR060C
DOA4,YDR069C
MUM3,YOR298W
HPA3,YEL066W
GLN1,YPR035W
PAU10,YDR542W
SIR4,YDR227W
PRY2,YKR013W
BUD5,YCR038C
RSA4,YCR072C
PHO5,YBR093C
Uncharacterized,YBL112C
LYS14,YDR034C
PUP1,YOR157C
ERV14,YGL054C
PDC5,YLR134W
Uncharacterized,YLR161W
SPR28,YDR218C
MSH4,YFL003C
Uncharacterized,YPL225W
Uncharacterized,YDL012C
ECM38,YLR299W
MDL2,YPL270W
EBP2,YKL172W
Uncharacterized,YPL062W
FLC3,YGL139W
NCA2,YPR155C
Uncharacterized,YKL123W
RPA14,YDR156W
SIA1,YOR137C
VAC7,YNL054W
HNT2,YDR305C
GLN3,YER040W
GGA1,YDR358W
MRPL51,YPR100W
COS1,YNL336W
MRS4,YKR052C
KIN2,YLR096W
IKS1,YJL057C
AXL2,YIL140W
SAS2,YMR127C
MET8,YBR213W
Uncharacterized,YGL015C
Uncharacterized,YDL152W
NOP56,YLR197W
TOR1,YJR066W
Uncharacterized,YOL163W
MAP1,YLR244C
Uncharacterized,YJR084W
GUP1,YGL084C
RCY1,YJL204C
HTS1,YPR033C
EST1,YLR233C
GUD1,YDL238C
Uncharacterized,YAL064W
NAM2,YLR382C
MSC3,YLR219W
PRE4,YFR050C
RIA1,YNL163C
SAD1,YFR005C
Uncharacterized,YNL114C
ESC2,YDR363W
MUP3,YHL036W
JIP3,YLR331C
Uncharacterized,YGR126W
BSC5,YNR069C
MNT2,YGL257C
CDC15,YAR019C
Uncharacterized,YOR024W
VMA7,YGR020C
AFT1,YGL071W
Uncharacterized,YOL118C
Uncharacterized,YDR286C
BOL3,YAL046C
CMR2,YOR093C
CYC3,YAL039C
RKM2,YDR198C
MDR1,YGR100W
FCY21,YER060W
GWT1,YJL091C
ARO10,YDR380W
TBF1,YPL128C
TFC4,YGR047C
RPL42b,YHR141C
RPL21a,YBR191W
SEH1,YGL100W
VPS72,YDR485C
Uncharacterized,YBR089W
DPM1,YPR183W
YAR1,YPL239W
YRO2,YBR054W
NOC2,YOR206W
RPL10,YLR075W
PAU2,YEL049W
HSP33,YOR391C
YEH2,YLR020C
Uncharacterized,YNL217W
PDR11,YIL013C
PGC1,YPL206C
TSR1,YDL060W
VBA2,YBR293W
RGI1,YER067W
POP2,YNR052C
ERC1,YHR032W
MCM3,YEL032W
RPS4b,YHR203C
CTK3,YML112W
VPS61,YDR136C
MDM20,YOL076W
KAP114,YGL241W
Uncharacterized,YDL071C
BET2,YPR176C
YOS9,YDR057W
IPP1,YBR011C
NTF2,YER009W
Uncharacterized,YLR140W
Uncharacterized,YGL114W
SNX4,YJL036W
CFT2,YLR115W
BCK2,YER167W
YPK2,YMR104C
SEC31,YDL195W
PUG1,YER185W
SAS3,YBL052C
NPP1,YCR026C
ECM8,YBR076W
PFS2,YNL317W
KNS1,YLL019C
UBC1,YDR177W
GCN3,YKR026C
CIC1,YHR052W
POL32,YJR043C
FBA1,YKL060C
Uncharacterized,YJR012C
PER1,YCR044C
Uncharacterized,YDL177C
MSK1,YNL073W
CAT8,YMR280C
MDJ2,YNL328C
CCT3,YJL014W
PAU5,YFL020C
MED4,YOR174W
CCH1,YGR217W
NCE102,YPR149W
PBI2,YNL015W
TUP1,YCR084C
STB5,YHR178W
MF(ALPHA)1,YPL187W
Uncharacterized,YLR283W
IMA4,YJL221C
DAP1,YPL170W
PAM1,YDR251W
COQ4,YDR204W
ERG10,YPL028W
PTC2,YER089C
SEN34,YAR008W
DAL5,YJR152W
PAN3,YKL025C
WRS1,YOL097C
CDC21,YOR074C
AMN1,YBR158W
TFC7,YOR110W
TRS120,YDR407C
SHG1,YBR258C
ATP23,YNR020C
Uncharacterized,YNL146W
TDP1,YBR223C
ZWF1,YNL241C
ERP2,YAL007C
VPS35,YJL154C
RLI1,YDR091C
MTC1,YJL123C
SSF1,YHR066W
SGF11,YPL047W
POS5,YPL188W
MRPL40,YPL173W
ECM31,YBR176W
ULI1,YFR026C
FRQ1,YDR373W
CSE1,YGL238W
HAL5,YJL165C
TEP1,YNL128W
ATG39,YLR312C
DPH2,YKL191W
VPS27,YNR006W
MSH1,YHR120W
FLO1,YAR050W
BSC6,YOL137W
APA2,YDR530C
UBP5,YER144C
SWI4,YER111C
RPP2a,YOL039W
CAB2,YIL083C
PRS3,YHL011C
ADH2,YMR303C
XRN1,YGL173C
PMT7,YDR307W
PMT3,YOR321W
KTR3,YBR205W
DFM1,YDR411C
HSC82,YMR186W
Uncharacterized,YGL260W
TIS11,YLR136C
PRM15,YMR278W
TGL4,YKR089C
HFA1,YMR207C
MCA1,YOR197W
TAF11,YML015C
Uncharacterized,YDL041W
SIS2,YKR072C
SWM1,YDR260C
NOP1,YDL014W
Uncharacterized,YER079W
YAT2,YER024W
YHB1,YGR234W
WTM1,YOR230W
Uncharacterized,YMR178W
Uncharacterized,YEL068C
RHO2,YNL090W
ERV2,YPR037C
SLY41,YOR307C
Uncharacterized,YGL052W
RXT2,YBR095C
NQM1,YGR043C
EHD3,YDR036C
PBI1,YPL272C
GRE1,YPL223C
COS111,YBR203W
IZH2,YOL002C
ADY2,YCR010C
SEC4,YFL005W
Uncharacterized,YDR154C
YIM1,YMR152W
STO1,YMR125W
GEA1,YJR031C
ATG1,YGL180W
Uncharacterized,YOR135C
RPS23a,YGR118W
RPL11a,YPR102C
Uncharacterized,YJL055W
RPS2,YGL123W
RSC3,YDR303C
ELP3,YPL086C
MAY24,YPR153W
ARG80,YMR042W
SFI1,YLL003W
GTB1,YDR221W
Uncharacterized,YDR109C
TUS1,YLR425W
CTF18,YMR078C
AHP1,YLR109W
FOX2,YKR009C
CBK1,YNL161W
GIS3,YLR094C
CBF1,YJR060W
MSH5,YDL154W
Uncharacterized,YLR041W
ATG32,YIL146C
Uncharacterized,YJL202C
NMT1,YLR195C
PAU20,YOL161C
CAR1,YPL111W
ATP7,YKL016C
BNA5,YLR231C
TPO5,YKL174C
DGR2,YKL121W
CSR1,YLR380W
CLU1,YMR012W
TSC11,YER093C
YPI1,YFR003C
TRM8,YDL201W
BCY1,YIL033C
TLG1,YDR468C
RAD17,YOR368W
UTP8,YGR128C
NEO1,YIL048W
HSF1,YGL073W
GPM3,YOL056W
CTT1,YGR088W
VRP1,YLR337C
RPN12,YFR052W
YPS5,YGL259W
Uncharacterized,YGR022C
VOA1,YGR106C
RAT1,YOR048C
GCV3,YAL044C
GRS2,YPR081C
Uncharacterized,YBR124W
MAD1,YGL086W
PHS1,YJL097W
Uncharacterized,YOR121C
DPP1,YDR284C
DSE2,YHR143W
PGS1,YCL004W
Uncharacterized,YBL044W
CYM1,YDR430C
SSN3,YPL042C
RIB3,YDR487C
ATG13,YPR185W
PDX1,YGR193C
FMP25,YLR077W
Uncharacterized,YBR056W
NBA1,YOL070C
ALG9,YNL219C
ICL1,YER065C
PIH1,YHR034C
Uncharacterized,YDL062W
APN2,YBL019W
CCM1,YGR150C
CSM4,YPL200W
FIN1,YDR130C
ESF2,YNR054C
CTP1,YBR291C
BAR1,YIL015W
TAF8,YML114C
ECM10,YEL030W
STF2,YGR008C
Uncharacterized,YCR108C
PPX1,YHR201C
TRF5,YNL299W
Uncharacterized,YPR170C
SKP2,YNL311C
MAD2,YJL030W
TRM82,YDR165W
SOL4,YGR248W
PFF1,YBR074W
MRPL23,YOR150W
PST1,YDR055W
CGI121,YML036W
HOG1,YLR113W
ASM4,YDL088C
PUT1,YLR142W
ASF2,YDL197C
Uncharacterized,YMR244W
YKU80,YMR106C
COM2,YER130C
PAB1,YER165W
TAF6,YGL112C
Uncharacterized,YER187W
Uncharacterized,YLL058W
CTF19,YPL018W
SEC17,YBL050W
APC11,YDL008W
SMF2,YHR050W
MTM1,YGR257C
STE18,YJR086W
ATG11,YPR049C
TMA22,YJR014W
Uncharacterized,YPL185W
COS7,YDL248W
URB2,YJR041C
KKQ8,YKL168C
AIM26,YKL037W
MRPL33,YMR286W
SAP190,YKR028W
AIR2,YDL175C
BUD32,YGR262C
MGR2,YPL098C
CGR1,YGL029W
Uncharacterized,YPR003C
ARP9,YMR033W
VCX1,YDL128W
POL3,YDL102W
STE2,YFL026W
RAV2,YDR202C
RRP6,YOR001W
Uncharacterized,YNL013C
AHC2,YCR082W
PAU1,YJL223C
MET32,YDR253C
RSM27,YGR215W
CAB3,YKL088W
DBP9,YLR276C
Uncharacterized,YJR154W
HMI1,YOL095C
MRPL50,YNR022C
SIZ1,YDR409W
PDB1,YBR221C
Uncharacterized,YNL140C
SSA1,YAL005C
Uncharacterized,YBR174C
MSH6,YDR097C
SSZ1,YHR064C
LAC1,YKL008C
RPE1,YJL121C
SWM2,YNR004W
SVL3,YPL032C
SIF2,YBR103W
PEX1,YKL197C
PCT1,YGR202C
ATP17,YDR377W
CSS2,YFR020W
EGH1,YIR007W
VPS16,YPL045W
CDC3,YLR314C
SPC98,YNL126W
SNC2,YOR327C
CDC33,YOL139C
FTH1,YBR207W
BSC4,YNL269W
UBA1,YKL210W
KRE28,YDR532C
LSM5,YER146W
TDA11,YHR159W
COX11,YPL132W
SIP4,YJL089W
POR2,YIL114C
ATM1,YMR301C
Uncharacterized,YBL029W
MRPS17,YMR188C
Uncharacterized,YOR389W
GTO1,YGR154C
ZRT2,YLR130C
IRA1,YBR140C
SRB4,YER022W
Uncharacterized,YKR070W
Uncharacterized,YDL016C
PFK2,YMR205C
Uncharacterized,YNL203C
ATG36,YJL185C
PSP2,YML017W
RCM1,YNL022C
OMA1,YKR087C
YOR1,YGR281W
MGE1,YOR232W
SPG1,YGR236C
SRL3,YKR091W
OTU2,YHL013C
RTP1,YMR185W
VPS15,YBR097W
Uncharacterized,YOR309C
SPS2,YDR522C
TAF7,YMR227C
SIN3,YOL004W
MSB2,YGR014W
FLC1,YPL221W
SAM3,YPL274W
TYW3,YGL050W
VMA8,YEL051W
IMP1,YMR150C
DMC1,YER179W
Uncharacterized,YGL182C
BLM10,YFL007W
TRP4,YDR354W
BRO1,YPL084W
CFT1,YDR301W
PGK1,YCR012W
PEP8,YJL053W
FHL1,YPR104C
SHU1,YHL006C
THI12,YNL332W
SUE1,YPR151C
DNM1,YLL001W
HMLALPHA2,YCL067C
Uncharacterized,YGL109W
TSA1,YML028W
CRF1,YDR223W
PDX3,YBR035C
BDH1,YAL060W
NTA1,YJR062C
RPL16a,YIL133C
QCR8,YJL166W
NDC80,YIL144W
TRX1,YLR043C
SKO1,YNL167C
ACO2,YJL200C
RPL9b,YNL067W
THI7,YLR237W
VPS24,YKL041W
URB1,YKL014C
VTC5,YDR089W
YSW1,YBR148W
Uncharacterized,YPL113C
LST4,YKL176C
Uncharacterized,YDR249C
CDC123,YLR215C
INA22,YIR024C
MHO1,YJR008W
MET6,YER091C
ACK1,YDL203C
CSF1,YLR087C
Uncharacterized,YML082W
PSH1,YOL054W
LOC1,YFR001W
Uncharacterized,YNL109W
Uncharacterized,YFR054C
FKS1,YLR342W
ULP2,YIL031W
LCL2,YLR104W
NUP2,YLR335W
VPS25,YJR102C
HSP10,YOR020C
EMC2,YJR088C
MDM36,YPR083W
SRB5,YGR104C
MDM30,YLR368W
MRPL37,YBR268W
Uncharacterized,YGL088W
RBG2,YGR173W
ARO8,YGL202W
MRX10,YDR282C
GAL3,YDR009W
BCK1,YJL095W
TPS1,YBR126C
DCP1,YOL149W
RPO26,YPR187W
DBP5,YOR046C
Uncharacterized,YGL159W
EAF5,YEL018W
BRL1,YHR036W
VPS73,YGL104C
THP1,YOL072W
SKI6,YGR195W
NPL3,YDR432W
PSY4,YBL046W
VID28,YIL017C
ATR1,YML116W
UPS3,YDR185C
BIO5,YNR056C
Uncharacterized,YDR132C
HRP1,YOL123W
SET5,YHR207C
ADE12,YNL220W
ATG40,YOR152C
Uncharacterized,YPR172W
RPL24a,YGL031C
ERG25,YGR060W
Uncharacterized,YJL032W
Uncharacterized,YDR053W
TOK1,YJL093C
FYV12,YOR183W
Uncharacterized,YLR111W
EAF3,YPR023C
YMC1,YPR058W
RCR2,YDR003W
RPN4,YDL020C
SRC1,YML034W
ACF2,YLR144C
RMD6,YEL072W
RPL35a,YDL191W
PIF1,YML061C
REG2,YBR050C
GCG1,YER163C
BIG1,YHR101C
PMD1,YER132C
PLC1,YPL268W
CUE3,YGL110C
MRI1,YPR118W
Uncharacterized,YKL031W
RSC30,YHR056C
ILV3,YJR016C
RPL20a,YMR242C
DFR1,YOR236W
SET4,YJL105W
RTT10,YPL183C
GET3,YDL100C
YKU70,YMR284W
Uncharacterized,YKR011C
GAC1,YOR178C
IMP2,YMR035W
TMN2,YDR107C
AGA2,YGL032C
IES2,YNL215W
HAL1,YPR005C
TNA1,YGR260W
Uncharacterized,YNL011C
RMD5,YDR255C
VPS64,YDR200C
YIP3,YNL044W
MCM5,YLR274W
THI11,YJR156C
MEP2,YNL142W
THS1,YIL078W
CDC13,YDL220C
EFB1,YAL003W
SGT2,YOR007C
DED81,YHR019C
TPO2,YGR138C
EPL1,YFL024C
RPL32,YBL092W
Uncharacterized,YDR095C
DAK2,YFL053W
TGL1,YKL140W
MIA40,YKL195W
CIS3,YJL158C
SPT10,YJL127C
BCS1,YDR375C
PPN1,YDR452W
NAF1,YNL124W
TRM44,YPL030W
Uncharacterized,YNL179C
TAD3,YLR316C
SWA2,YDR320C
ATO2,YNR002C
ROG3,YFR022W
Uncharacterized,YAR023C
VRG4,YGL225W
TFB6,YOR352W
FIT1,YDR534C
Uncharacterized,YMR324C
Uncharacterized,YOR325W
VPS5,YOR069W
ORM1,YGR038W
YMC2,YBR104W
EMP65,YER140W
MCX1,YBR227C
SEC61,YLR378C
REC104,YHR157W
SPO19,YPL130W
PKH2,YOL100W
HIS5,YIL116W
PTI1,YGR156W
RMD8,YFR048W
SUA5,YGL169W
GAS1,YMR307W
DIS3,YOL021C
TOP1,YOL006C
USB1,YLR132C
GPA2,YER020W
RAD33,YML011C
PSY2,YNL201C
UTP5,YDR398W
PTP3,YER075C
MRPL20,YKR085C
POM34,YLR018C
SWE1,YJL187C
BMT6,YLR063W
RPL33b,YOR234C
SNF5,YBR289W
PTR2,YKR093W
SAC1,YKL212W
STE4,YOR212W
FMP42,YMR221C
PAC1,YOR269W
PST2,YDR032C
Uncharacterized,YGR016W
MAK10,YEL053C
EGD1,YPL037C
TPP1,YMR156C
STR3,YGL184C
Uncharacterized,YHR125W
POL4,YCR014C
ASP3-3,YLR158C
POM152,YMR129W
Uncharacterized,YBL071C
ISR1,YPR106W
GET4,YOR164C
Uncharacterized,YOR131C
MOT1,YPL082C
Uncharacterized,YGR283C
YHP1,YDR451C
PAI3,YMR174C
Uncharacterized,YCR049C
CRN1,YLR429W
LMO1,YLL007C
Uncharacterized,YCL065W
BPH1,YCR032W
TMS1,YDR105C
STU2,YLR045C
MTQ1,YNL063W
CHA4,YLR098C
GTT1,YIR038C
GLG1,YKR058W
IDI1,YPL117C
XRS2,YDR369C
EDS1,YBR033W
RIF2,YLR453C
GDH3,YAL062W
LIP1,YMR298W
ATP22,YDR350C
Uncharacterized,YNL165W
EXG2,YDR261C
PRP40,YKL012W
MRPS9,YBR146W
FKH1,YIL131C
BEM3,YPL115C
Uncharacterized,YLR235C
TPK1,YJL164C
IRC8,YJL051W
HHF2,YNL030W
PEX13,YLR191W
Uncharacterized,YCL012C
AQR1,YNL065W
SYS1,YJL004C
Uncharacterized,YLR217W
SPC110,YDR356W
Uncharacterized,YHR180W
HEM3,YDL205C
DUS1,YML080W
SOK2,YMR016C
Uncharacterized,YER097W
Uncharacterized,YKR032W
SPE2,YOL052C
PRM2,YIL037C
AIM25,YJR100C
CUP1-2,YHR055C
Uncharacterized,YJR020W
PHD1,YKL043W
RPP0,YLR340W
Uncharacterized,YFR056C
MSM1,YGR171C
JIP4,YDR475C
GEM1,YAL048C
EMP24,YGL200C
ASA1,YPR085C
CBP6,YBR120C
AQY2,YLL052C
RRP45,YDR280W
Uncharacterized,YOR019W
IRC23,YOR044W
Uncharacterized,YHR138C
RPT4,YOR259C
SKI3,YPR189W
SGA1,YIL099W
STE20,YHL007C
SSA2,YLL024C
SNG1,YGR197C
MLC1,YGL106W
DDL1,YOR022C
GDH1,YOR375C
Uncharacterized,YBL048W
SSU72,YNL222W
RRF1,YHR038W
Uncharacterized,YAR068W
Uncharacterized,YOL029C
KTR1,YOR099W
SCH9,YHR205W
NGL3,YML118W
BIO3,YNR058W
GAS3,YMR215W
RPS19a,YOL121C
CUS1,YMR240C
DET1,YDR051C
Uncharacterized,YDR187C
ECM33,YBR078W
COX18,YGR062C
AGC1,YPR021C
HSP82,YPL240C
GPD1,YDL022W
LSC2,YGR244C
DSF1,YEL070W
PUF6,YDR496C
RAD52,YML032C
SPE4,YLR146C
NUS1,YDL193W
SPR3,YGR059W
TOP2,YNL088W
Uncharacterized,YDR543C
RFS1,YBR052C
Uncharacterized,YER134C
SPT2,YER161C
TEC1,YBR083W
CUE5,YOR042W
SEC1,YDR164C
CTI6,YPL181W
Uncharacterized,YBR285W
TTI1,YKL033W
Uncharacterized,YNL046W
PTC6,YCR079W
Uncharacterized,YJL107C
LRP1,YHR081W
CIP1,YPL014W
VPS36,YLR417W
FCY2,YER056C
RPS1b,YML063W
PCL9,YDL179W
PHO2,YDL106C
Uncharacterized,YHR054C
NAM7,YMR080C
RAX2,YLR084C
PGD1,YGL025C
MSN2,YMR037C
SPC24,YMR117C
GTR1,YML121W
REC8,YPR007C
Uncharacterized,YDL124W
RKM4,YDR257C
ECM27,YJR106W
DNL4,YOR005C
YCS4,YLR272C
Uncharacterized,YGR266W
PAU14,YIL176C
Uncharacterized,YGR219W
SOL3,YHR163W
HOT13,YKL084W
GID7,YCL039W
LSB1,YGR136W
GCS1,YDL226C
MPE1,YKL059C
GRX2,YDR513W
NUP145,YGL092W
ALG13,YGL047W
GCD14,YJL125C
Uncharacterized,YFL051C
IML3,YBR107C
Uncharacterized,YPR130C
TPM1,YNL079C
IES4,YOR189W
RSM24,YDR175C
MRP21,YBL090W
MRPL35,YDR322W
PMA2,YPL036W
DIG1,YPL049C
MRP8,YKL142W
Uncharacterized,YNL122C
AIM21,YIR003W
VID30,YGL227W
Uncharacterized,YJL070C
STL1,YDR536W
RIM4,YHL024W
MAG1,YER142C
CAX4,YGR036C
ACS1,YAL054C
TFC3,YAL001C
LAM1,YHR155W
MNE1,YOR350C
Uncharacterized,YPL136W
Uncharacterized,YBR225W
SSE2,YBR169C
SCW10,YMR305C
HPM1,YIL110W
EXO70,YJL085W
DUT1,YBR252W
TPT1,YOL102C
RIO2,YNL207W
POL5,YEL055C
RBH1,YJL181W
SIT1,YEL065W
UBX2,YML013W
HPA2,YPR193C
BNA7,YDR428C
Uncharacterized,YPL077C
RPB10,YOR210W
Uncharacterized,YMR209C
STU1,YBL034C
MRX1,YER077C
DAD2,YKR083C
ALT1,YLR089C
VFA1,YER128W
COQ10,YOL008W
PXP1,YEL020C
YRA2,YKL214C
RPL22a,YLR061W
NMA2,YGR010W
Uncharacterized,YLR123C
MPD2,YOL088C
MLP1,YKR095W
UBP8,YMR223W
Uncharacterized,YCR016W
Uncharacterized,YJL028W
TPN1,YGL186C
CHC1,YGL206C
Uncharacterized,YBL073W
SNT2,YGL131C
RIM13,YMR154C
NBP35,YGL091C
VAC17,YCL063W
ZUO1,YGR285C
SWT1,YOR166C
HOS1,YPR068C
SYP1,YCR030C
ECM5,YMR176W
ERB1,YMR049C
Uncharacterized,YML079W
RPN5,YDL147W
Uncharacterized,YBR064W
CAJ1,YER048C
RPL4a,YBR031W
SPO75,YLL005C
SPP2,YOR148C
FRE8,YLR047C
RIM9,YMR063W
Uncharacterized,YIR040C
BUD22,YMR014W
TMA108,YIL137C
Uncharacterized,YBR144C
DIN7,YDR263C
MUD1,YBR119W
MDJ1,YFL016C
JJJ2,YJL162C
AFR1,YDR085C
CTK2,YJL006C
PLP2,YOR281C
MYO1,YHR023W
DIE2,YGR227W
SIW14,YNL032W
Uncharacterized,YPL080C
FMP16,YDR070C
GLE1,YDL207W
Uncharacterized,YHR182W
ATG38,YLR211C
RAD51,YER095W
APS1,YLR170C
GMH1,YKR030W
ALO1,YML086C
MRPL36,YBR122C
CKA1,YIL035C
OSH7,YHR001W
KTR4,YBR199W
Uncharacterized,YOL050C
SNF1,YDR477W
PKP1,YIL042C
BNR1,YIL159W
CIS1,YLR346C
RPN9,YDR427W
Uncharacterized,YNR061C
UFD4,YKL010C
LSM8,YJR022W
ATF2,YGR177C
PRI2,YKL045W
Uncharacterized,YLR339C
FLO11,YIR019C
HSP104,YLL026W
Uncharacterized,YCL002C
GRX8,YLR364W
ASH1,YKL185W
ATF1,YOR377W
Uncharacterized,YGL108C
Uncharacterized,YJR124C
VPS69,YPR087W
PPZ2,YDR436W
Uncharacterized,YHL050C
PRR1,YKL116C
TOM20,YGR082W
RVS167,YDR388W
Uncharacterized,YHL005C
AIM10,YER087W
PMT6,YGR199W
RPL25,YOL127W
NUP57,YGR119C
SAS4,YDR181C
Uncharacterized,YAR066W
HSH49,YOR319W
ATS1,YAL020C
RIF1,YBR275C
SQS1,YNL224C
MIG1,YGL035C
Uncharacterized,YGR064W
RSM28,YDR494W
Uncharacterized,YNL337W
FMT1,YBL013W
KEL2,YGR238C
TUF1,YOR187W
GUA1,YMR217W
Uncharacterized,YEL076C
IQG1,YPL242C
EBS1,YDR206W
Uncharacterized,YPR027C
DIA3,YDL024C
ADE16,YLR028C
RNT1,YMR239C
BRF1,YGR246C
YPT35,YHR105W
MRK1,YDL079C
SPT7,YBR081C
REG1,YDR028C
PAN1,YIR006C
NHP10,YDL002C
NBP2,YDR162C
RHO5,YNL180C
AST1,YBL069W
Uncharacterized,YNL040W
CHM7,YJL049W
GSH1,YJL101C
AFI1,YOR129C
NAT4,YMR069W
HHT1,YBR010W
QRI7,YDL104C
NCP1,YHR042W
SWI1,YPL016W
SMC4,YLR086W
VPH2,YKL119C
GIP2,YER054C
Uncharacterized,YKR015C
RCF1,YML030W
ORC1,YML065W
PIB2,YGL023C
MGR3,YMR115W
SUT2,YPR009W
MNN1,YER001W
Uncharacterized,YMR082C
CDC48,YDL126C
MES1,YGR264C
TAO3,YIL129C
Uncharacterized,YLR225C
DCS1,YLR270W
YAP1801,YHR161C
CAF130,YGR134W
WHI4,YDL224C
PUS6,YGR169C
LIF1,YGL090W
MEX67,YPL169C
CAF16,YFL028C
VID24,YBR105C
CTS2,YDR371W
UTP4,YDR324C
NHX1,YDR456W
Uncharacterized,YBL096C
SRX1,YKL086W
PSF2,YJL072C
CIR2,YOR356W
CDA1,YLR307W
CEX1,YOR112W
RPS23b,YPR132W
RPC25,YKL144C
Uncharacterized,YNL120C
NOP13,YNL175C
RSR1,YGR152C
PAD1,YDR538W
Uncharacterized,YHL026C
NIF3,YGL221C
FUR1,YHR128W
HOS4,YIL112W
RPL26b,YGR034W
HMS2,YJR147W
UIP3,YAR027W
SPO23,YBR250W
NDJ1,YOL104C
Uncharacterized,YKL071W
GPB2,YAL056W
PLM2,YDR501W
CPR8,YNR028W
TRL1,YJL087C
ODC1,YPL134C
SDD1,YEL057C
BUD13,YGL174W
QCR9,YGR183C
RPL33a,YPL143W
TSR2,YLR435W
Uncharacterized,YBL036C
RUD3,YOR216C
Uncharacterized,YLR358C
SEC2,YNL272C
KNH1,YDL049C
RPS11b,YBR048W
DYS1,YHR068W
RPF2,YKR081C
Uncharacterized,YNL205C
QCR2,YPR191W
TDA2,YER071C
Uncharacterized,YNR042W
MNN11,YJL183W
FIS1,YIL065C
DSL1,YNL258C
SIL1,YOL031C
PAU15,YIR041W
URA1,YKL216W
Uncharacterized,YOR338W
CAC2,YML102W
HEH2,YDR458C
MCY1,YGR012W
UBC6,YER100W
RAS2,YNL098C
Uncharacterized,YCR090C
PCK1,YKR097W
VMS1,YDR049W
RNR2,YJL026W
SRD1,YCR018C
RBK1,YCR036W
SSA3,YBL075C
TPS3,YMR261C
IMA1,YGR287C
ITC1,YGL133W
MTR10,YOR160W
ALD2,YMR170C
MRC1,YCL061C
Uncharacterized,YOR238W
Uncharacterized,YOR146W
ARX1,YDR101C
RNA14,YMR061W
Uncharacterized,YLR049C
NRG2,YBR066C
COP1,YDL145C
MPP10,YJR002W
NOP2,YNL061W
MNP1,YGL068W
HSP12,YFL014W
RRP1,YDR087C
Uncharacterized,YNL034W
VHS2,YIL135C
JNM1,YMR294W
PEX10,YDR265W
Uncharacterized,YOR283W
IPT1,YDR072C
STE3,YKL178C
YPQ2,YDR352W
GDI1,YER136W
MYO3,YKL129C
GAL80,YML051W
Uncharacterized,YML084W
GIT1,YCR098C
APL5,YPL195W
DPH5,YLR172C
CRR1,YLR213C
PRP28,YDR243C
CAF4,YKR036C
SSP1,YHR184W
APQ12,YIL040W
RPL27b,YDR471W
Uncharacterized,YOR015W
FUN30,YAL019W
NSG2,YNL156C
RPL26a,YLR344W
TCD1,YHR003C
FPR4,YLR449W
RTT106,YNL206C
Uncharacterized,YBR219C
PHO84,YML123C
LIP2,YLR239C
Uncharacterized,YNR063W
GCR1,YPL075W
Uncharacterized,YJL135W
PIR5,YJL160C
MDE1,YJR024C
MAK5,YBR142W
Uncharacterized,YDR338C
ERG1,YGR175C
RPL4b,YDR012W
Uncharacterized,YGL204C
VPS70,YJR126C
MET28,YIR017C
FAT3,YKL187C
FRE7,YOL152W
GPB1,YOR371C
Uncharacterized,YDR544C
YCH1,YGR203W
LAG1,YHL003C
SOD1,YJR104C
Uncharacterized,YBL086C
TRM13,YOL125W
TWF1,YGR080W
PLP1,YDR183W
Uncharacterized,YAR064W
FUN26,YAL022C
AVO1,YOL078W
SCT1,YBL011W
Uncharacterized,YNL226W
HPR1,YDR138W
FAA1,YOR317W
Uncharacterized,YBR277C
PEX14,YGL153W
ESA1,YOR244W
GIM4,YEL003W
DML1,YMR211W
GSP2,YOR185C
MID1,YNL291C
Uncharacterized,YHR218W
LPP1,YDR503C
IZH1,YDR492W
HUT1,YPL244C
Uncharacterized,YGR066C
PFK1,YGR240C
CCL1,YPR025C
TIF4632,YGL049C
NHP6a,YPR052C
BUD16,YEL029C
NUP60,YAR002W
CDC12,YHR107C
ECM11,YDR446W
BCH1,YMR237W
RFC5,YBR087W
RSC6,YCR052W
NSI1,YDR026C
PCL8,YPL219W
GSM1,YJL103C
GLK1,YCL040W
Uncharacterized,YCR064C
GUF1,YLR289W
FUM1,YPL262W
SSY1,YDR160W
HTZ1,YOL012C
BOP3,YNL042W
MRD1,YPR112C
MED6,YHR058C
IPI1,YHR085W
KRI1,YNL308C
RET3,YPL010W
UTR1,YJR049C
JIP5,YPR169W
ERV41,YML067C
HOM3,YER052C
PMI40,YER003C
EMP46,YLR080W
HEL1,YKR017C
ASE1,YOR058C
INA1,YLR413W
YFH1,YDL120W
FOL3,YMR113W
Uncharacterized,YMR084W
Uncharacterized,YPL162C
Uncharacterized,YGR127W
Uncharacterized,YNL028W
THP2,YHR167W
ALK1,YGL021W
IMA3,YIL172C
AVT3,YKL146W
ADY4,YLR227C
VMA5,YKL080W
TOS8,YGL096W
ELF1,YKL160W
AIM18,YHR198C
Uncharacterized,YBL094C
AGP3,YFL055W
TRK1,YJL129C
PNP1,YLR209C
PEX12,YMR026C
UBX3,YDL091C
SMC3,YJL074C
MRPL22,YNL177C
Uncharacterized,YKL162C
Uncharacterized,YOR114W
YSP2,YDR326C
MSS18,YPR134W
OSW7,YFR039C
OPI1,YHL020C
FAA3,YIL009W
KEG1,YFR042W
MSA1,YOR066W
MSC6,YOR354C
PEP12,YOR036W
RPS4a,YJR145C
COG1,YGL223C
GSC2,YGR032W
RPL7a,YGL076C
PHB1,YGR132C
Uncharacterized,YOL106W
Uncharacterized,YGL218W
RIB5,YBR256C
MED7,YOL135C
Uncharacterized,YGL118C
CLB6,YGR109C
LHS1,YKL073W
CPT1,YNL130C
MTC6,YHR151C
ARP4,YJL081C
TIM13,YGR181W
ADH6,YMR318C
LEU2,YCL018W
FRK1,YPL141C
Uncharacterized,YPR197C
SPR2,YOR214C
PET9,YBL030C
ALP1,YNL270C
Uncharacterized,YOR263C
Uncharacterized,YPL229W
FRE3,YOR381W
Uncharacterized,YLL054C
ALD5,YER073W
Uncharacterized,YGL176C
Uncharacterized,YNR040W
Uncharacterized,YHR020W
Uncharacterized,YIL067C
Uncharacterized,YLR012C
Uncharacterized,YIL089W
ZTA1,YBR046C
MSE1,YOL033W
ENV10,YLR065C
MRPS8,YMR158W
TSL1,YML100W
ELG1,YOR144C
APS3,YJL024C
Uncharacterized,YBR238C
FPR2,YDR519W
RAD6,YGL058W
BAS1,YKR099W
RPS8b,YER102W
Uncharacterized,YLR415C
ISC1,YER019W
RPL1b,YGL135W
DIP2,YLR129W
MET1,YKR069W
Uncharacterized,YBL077W
SAP30,YMR263W
NAS6,YGR232W
ORC2,YBR060C
HOT1,YMR172W
COX17,YLL009C
IDS2,YJL146W
ROY1,YMR258C
Uncharacterized,YCR043C
ELO2,YCR034W
STE5,YDR103W
PEX9,YMR018W
DAL81,YIR023W
Uncharacterized,YJL119C
DAL80,YKR034W
CCT4,YDL143W
SHB17,YKR043C
UBX4,YMR067C
CIA1,YDR267C
LCB1,YMR296C
MDS3,YGL197W
DOG1,YHR044C
NCE103,YNL036W
NUC1,YJL208C
Uncharacterized,YFL012W
YRR1,YOR162C
HSV2,YGR223C
RDL1,YOR285W
OST1,YJL002C
KRE6,YPR159W
TPS2,YDR074W
ATP25,YMR098C
OPY2,YPR075C
Uncharacterized,YML053C
IDP2,YLR174W
BUD26,YDR241W
PRS2,YER099C
GPA1,YHR005C
Uncharacterized,YPL238C
Uncharacterized,YJR120W
PRP3,YDR473C
PET127,YOR017W
ATG12,YBR217W
ATP10,YLR393W
YCK2,YNL154C
GCN20,YFR009W
MET30,YIL046W
AVT4,YNL101W
Uncharacterized,YNR065C
SUM1,YDR310C
LYS2,YBR115C
Uncharacterized,YPL073C
GLG2,YJL137C
PXP2,YJR111C
PDC2,YDR081C
RPR2,YIR015W
ADA2,YDR448W
NKP1,YDR383C
Uncharacterized,YDR526C
PRS1,YKL181W
Uncharacterized,YDR010C
VPS38,YLR360W
MSB3,YNL293W
Uncharacterized,YOL150C
Uncharacterized,YPR096C
Uncharacterized,YIL028W
Uncharacterized,YGR045C
PIL1,YGR086C
PGA3,YML125C
Uncharacterized,YDR509W
SYM1,YLR251W
SSE1,YPL106C
JSN1,YJR091C
NUT1,YGL151W
EFM2,YBR271W
LTE1,YAL024C
PUT4,YOR348C
PTC1,YDL006W
CEF1,YMR213W
UBP12,YJL197W
PEP1,YBL017C
Uncharacterized,YOR218C
FEX1,YOR390W
ART5,YGR068C
PSP1,YDR505C
Uncharacterized,YGL039W
Uncharacterized,YGR242W
RBD2,YPL246C
RRT13,YER066W
ENV9,YOR246C
CTM1,YHR109W
Uncharacterized,YPR050C
Uncharacterized,YGR293C
AAC3,YBR085W
NUD1,YOR373W
RPL14b,YHL001W
PRP11,YDL043C
IRC22,YEL001C
Uncharacterized,YNL184C
CUB1,YPL260W
FYV1,YDR024W
MCP1,YOR228C
MSR1,YHR091C
Uncharacterized,YOR082C
Uncharacterized,YMR111C
RCL1,YOL010W
ABP1,YCR088W
Uncharacterized,YCL042W
RTC3,YHR087W
RRP12,YPL012W
GRX7,YBR014C
MSS4,YDR208W
KIN28,YDL108W
FDO1,YMR144W
RPL17b,YJL177W
CTR3,YLR411W
YND1,YER005W
PKH1,YDR490C
Uncharacterized,YPL034W
RPC40,YPR110C
Uncharacterized,YLL037W
VBA4,YDR119W
SRL2,YLR082C
MLH2,YLR035C
UBP1,YDL122W
YRF1-2,YER190W
SRN2,YLR119W
SAT4,YCR008W
RSM18,YER050C
MPS1,YDL028C
PPH22,YDL188C
HUA1,YGR268C
KGD1,YIL125W
Uncharacterized,YNL171C
SDH1,YKL148C
NET1,YJL076W
Uncharacterized,YIL077C
PRP8,YHR165C
VPS65,YLR322W
TFA1,YKL028W
Uncharacterized,YKL053W
SET6,YPL165C
Uncharacterized,YDL228C
RRP14,YKL082C
TPK3,YKL166C
PMT5,YDL093W
MRPL3,YMR024W
Uncharacterized,YPR136C
RPO31,YOR116C
MET31,YPL038W
HRD3,YLR207W
SAP155,YFR040W
CKA2,YOR061W
SPO11,YHL022C
MET17,YLR303W
POP6,YGR030C
AKR2,YOR034C
PAN2,YGL094C
PTK2,YJR059W
Uncharacterized,YGR130C
MRPS35,YGR165W
Uncharacterized,YJR162C
SGF73,YGL066W
TRS20,YBR254C
MEC1,YBR136W
UIP4,YPL186C
SPP1,YPL138C
TAX4,YJL083W
Uncharacterized,YKL075C
PXA1,YPL147W
YAK1,YJL141C
GBP2,YCL011C
HGH1,YGR187C
Uncharacterized,YPR195C
EMC10,YDR056C
SIP1,YDR422C
Uncharacterized,YNL276C
HEK2,YBL032W
Uncharacterized,YLL056C
SSB2,YNL209W
TEN1,YLR010C
COS8,YHL048W
SNP1,YIL061C
ALK2,YBL009W
TRM112,YNR046W
Uncharacterized,YOL035C
VMA16,YHR026W
RTC4,YNL254C
PCL1,YNL289W
CBS2,YDR197W
URA5,YML106W
Uncharacterized,YBR062C
LSC1,YOR142W
Uncharacterized,YJL022W
ERR2,YPL281C
STM1,YLR150W
GLY1,YEL046C
RTT105,YER104W
ERG6,YML008C
MCH1,YDL054C
MAG2,YLR427W
MCM4,YPR019W
Uncharacterized,YMR265C
RPL6a,YML073C
TCM62,YBR044C
SEC27,YGL137W
GLO3,YER122C
DAL3,YIR032C
BUR6,YER159C
APE4,YHR113W
Uncharacterized,YCR041W
EMC3,YKL207W
YPT31,YER031C
MAL31,YBR298C
MRS1,YIR021W
ERP6,YGL002W
KAR5,YMR065W
POL31,YJR006W
SEN1,YLR430W
INM1,YHR046C
Uncharacterized,YKR041W
PHO86,YJL117W
GCN1,YGL195W
Uncharacterized,YMR130W
HAS1,YMR290C
BPL1,YDL141W
Uncharacterized,YDR269C
Uncharacterized,YOR139C
YHC3,YJL059W
RAD55,YDR076W
VHS1,YDR247W
Uncharacterized,YNL338W
TOS2,YGR221C
TAF1,YGR274C
NUP116,YMR047C
Uncharacterized,YPR077C
SPC2,YML055W
UFO1,YML088W
RFX1,YLR176C
SEC22,YLR268W
AUS1,YOR011W
ATG14,YBR128C
ERR3,YMR323W
PRR2,YDL214C
IBA57,YJR122W
MET4,YNL103W
AGE2,YIL044C
SSF2,YDR312W
HTD2,YHR067W
COX8,YLR395C
DIC1,YLR348C
INN1,YNL152W
HIS7,YBR248C
DSE4,YNR067C
SPO16,YHR153C
SEC53,YFL045C
WWM1,YFL010C
AIM23,YJL131C
DOP1,YDR141C
RRP8,YDR083W
CDC37,YDR168W
TKL2,YBR117C
Uncharacterized,YPL071C
RMI1,YPL024W
GAT4,YIR013C
LOT5,YKL183W
STE11,YLR362W
OCT1,YKL134C
UBX7,YBR273C
SPS4,YOR313C
Uncharacterized,YAR060C
MRX6,YNL295W
HAP2,YGL237C
DRS2,YAL026C
RDS3,YPR094W
HXT11,YOL156W
VPS68,YOL129W
IRC4,YDR540C
Uncharacterized,YHR130C
ISM1,YPL040C
UTP25,YIL091C
SMP1,YBR182C
MSD1,YPL104W
HPC2,YBR215W
MCP2,YLR253W
MOB1,YIL106W
ABM1,YJR108W
MDL1,YLR188W
ARI1,YGL157W
FIP1,YJR093C
RSC9,YML127W
ECL1,YGR146C
PEX8,YGR077C
YTP1,YNL237W
Uncharacterized,YJL195C
REX2,YLR059C
GIN4,YDR507C
ATP16,YDL004W
AHK1,YDL073W
Uncharacterized,YGR291C
MIT1,YEL007W
EMI1,YDR512C
EOS1,YNL080C
DIM1,YPL266W
GAL4,YPL248C
TRI1,YMR233W
ATG31,YDR022C
GAA1,YLR088W
Uncharacterized,YGR051C
DIA2,YOR080W
CMK2,YOL016C
PYC1,YGL062W
ISU2,YOR226C
Uncharacterized,YEL025C
RPH1,YER169W
TIF34,YMR146C
KIP1,YBL063W
UBP10,YNL186W
BFR1,YOR198C
TAH1,YCR060W
Uncharacterized,YBR016W
RRG8,YPR116W
GAR1,YHR089C
ADE3,YGR204W
CEP3,YMR168C
Uncharacterized,YNL092W
PRY3,YJL078C
PAC2,YER007W
PAU23,YLR037C
Uncharacterized,YCR006C
SPT3,YDR392W
TFB4,YPR056W
TMA64,YDR117C
GRC3,YLL035W
ELP2,YGR200C
PET309,YLR067C
RRT14,YIL127C
MDG1,YNL173C
REV3,YPL167C
IFH1,YLR223C
Uncharacterized,YLR294C
SFK1,YKL051W
HMX1,YLR205C
BNA4,YBL098W
ATG27,YJL178C
UBC7,YMR022W
RTC5,YOR118W
PIR1,YKL164C
PMT1,YDL095W
Uncharacterized,YPR038W
NCS2,YNL119W
EPS1,YIL005W
ARE2,YNR019W
GIM5,YML094W
MRPL13,YKR006C
IRE1,YHR079C
MEP3,YPR138C
SNZ3,YFL059W
IPA1,YJR141W
TAL1,YLR354C
CNN1,YFR046C
HRI1,YLR301W
Uncharacterized,YKL077W
MNN9,YPL050C
Uncharacterized,YJR114W
MTR3,YGR158C
Uncharacterized,YIL058W
Uncharacterized,YHR022C
HMS1,YOR032C
DHH1,YDL160C
RLP7,YNL002C
SPO7,YAL009W
KCH1,YJR054W
CLC1,YGR167W
Uncharacterized,YBR134W
CSH1,YBR161W
HRK1,YOR267C
TDA3,YHR009C
RHO3,YIL118W
Uncharacterized,YGR018C
KES1,YPL145C
Uncharacterized,YGL214W
APM2,YHL019C
NAB3,YPL190C
SCP1,YOR367W
GOR1,YNL274C
HKR1,YDR420W
RPL39,YJL189W
NUP49,YGL172W
Uncharacterized,YOR385W
COF1,YLL050C
TYS1,YGR185C
RAS1,YOR101W
Uncharacterized,YGL149W
RPL3,YOR063W
SSH1,YBR283C
Uncharacterized,YOL037C
REX4,YOL080C
RRI2,YOL117W
VMA6,YLR447C
MDM1,YML104C
ABZ1,YNR033W
AGA1,YNR044W
REF2,YDR195W
FOL1,YNL256W
AAD3,YCR107W
ARG1,YOL058W
RIM8,YGL045W
MAM1,YER106W
BBC1,YJL020C
MIX23,YBL107C
RAD2,YGR258C
VMA11,YPL234C
YRF1-7,YPL283C
NPT1,YOR209C
DSS4,YPR017C
IES6,YEL044W
COX14,YML129C
SCS2,YER120W
PML1,YLR016C
BUD23,YCR047C
COG8,YML071C
CST26,YBR042C
GPI19,YDR437W
UBA4,YHR111W
IMD3,YLR432W
ZRG8,YER033C
LOS1,YKL205W
MCM7,YBR202W
SDH4,YDR178W
CMP2,YML057W
BCD1,YHR040W
KAE1,YKR038C
DAL1,YIR027C
RPN14,YGL004C
SAG1,YJR004C
OPI3,YJR073C
JLP2,YMR132C
GOT1,YMR292W
ASF1,YJL115W
CHL1,YPL008W
Uncharacterized,YGL193C
BOS1,YLR078C
UTP21,YLR409C
ARA2,YMR041C
Uncharacterized,YPL088W
PAM17,YKR065C
NUP84,YDL116W
PPA2,YMR267W
MYO5,YMR109W
HEM1,YDR232W
RGT2,YDL138W
MNN10,YDR245W
Uncharacterized,YOR289W
RNH70,YGR276C
Uncharacterized,YPR071W
SHU2,YDR078C
UBA2,YDR390C
CTR2,YHR175W
PAU19,YMR325W
MTC2,YKL098W
RAD34,YDR314C
Uncharacterized,YNL150W
Uncharacterized,YOR013W
MRS3,YJL133W
YSA1,YBR111C
Uncharacterized,YIL166C
CDC27,YBL084C
Uncharacterized,YKL136W
RGD2,YFL047W
SNZ2,YNL333W
NOC4,YPR144C
SWD2,YKL018W
STS1,YIR011C
SKS1,YPL026C
TYE7,YOR344C
Uncharacterized,YGL235W
Uncharacterized,YDR444W
DGK1,YOR311C
ZPS1,YOL154W
SHE3,YBR130C
IFA38,YBR159W
SLY1,YDR189W
Uncharacterized,YPR092W
FRT2,YAL028W
ATX2,YOR079C
HIS4,YCL030C
AIM14,YGL160W
ECM14,YHR132C
RSM25,YIL093C
STP1,YDR463W
ESL1,YIL151C
SHQ1,YIL104C
GSH2,YOL049W
DTR1,YBR180W
AFG2,YLR397C
RAD61,YDR014W
Uncharacterized,YPL102C
THI4,YGR144W
Uncharacterized,YJL215C
Uncharacterized,YLR255C
Uncharacterized,YGR111W
CDC43,YGL155W
CRT10,YOL063C
SFC1,YJR095W
YRF1-4,YLR466W
Uncharacterized,YJL193W
Uncharacterized,YOL014W
VMA3,YEL027W
MNL2,YLR057W
Uncharacterized,YNL235C
INO2,YDR123C
MMS22,YLR320W
CMK1,YFR014C
PEP5,YMR231W
SST2,YLR452C
MPH3,YJR160C
TCB1,YOR086C
DAS2,YDR020C
Uncharacterized,YGR053C
LEA1,YPL213W
PMS1,YNL082W
RFM1,YOR279C
RPB8,YOR224C
Uncharacterized,YPL264C
Uncharacterized,YCL046W
YBP2,YGL060W
KAR1,YNL188W
HIP1,YGR191W
SKT5,YBL061C
SIP5,YMR140W
Uncharacterized,YGL034C
Uncharacterized,YPR114W
TIF3,YPR163C
GAL7,YBR018C
VAB2,YEL005C
ARO3,YDR035W
SSP2,YOR242C
YIH1,YCR059C
YCP4,YCR004C
PRM8,YGL053W
YMD8,YML038C
MRX14,YDR115W
MME1,YMR166C
SMK1,YPR054W
MMS4,YBR098W
Uncharacterized,YLR031W
STE7,YDL159W
Uncharacterized,YJR038C
FMS1,YMR020W
Uncharacterized,YLR296W
RCO1,YMR075W
JAC1,YGL018C
Uncharacterized,YDR215C
RGA2,YDR379W
DBP8,YHR169W
ARP5,YNL059C
Uncharacterized,YLR278C
QDR2,YIL121W
NSP1,YJL041W
RPS10a,YOR293W
FUI1,YBL042C
Uncharacterized,YKL111C
PEX21,YGR239C
BEM4,YPL161C
RPN6,YDL097C
MSS51,YLR203C
ECM9,YKR004C
LNP1,YHR192W
Uncharacterized,YML096W
CFD1,YIL003W
OAZ1,YPL052W
EXO5,YBR163W
RMT2,YDR465C
MER1,YNL210W
SMY1,YKL079W
DUG1,YFR044C
QCR6,YFR033C
ATG33,YLR356W
SAP4,YGL229C
TDA4,YJR116W
USE1,YGL098W
NUP120,YKL057C
Uncharacterized,YMR326C
RTS3,YGR161C
Uncharacterized,YDL162C
Uncharacterized,YJR056C
BTS1,YPL069C
SEI1,YLR404W
KIP3,YGL216W
IML1,YJR138W
HAC1,YFL031W
COY1,YKL179C
HRB1,YNL004W
SFH5,YJL145W
AGP2,YBR132C
PRM3,YPL192C
RBL2,YOR265W
Uncharacterized,YJR079W
SUP35,YDR172W
ARR1,YPR199C
Uncharacterized,YDR426C
DDC1,YPL194W
RPT3,YDR394W
Uncharacterized,YOR365C
ATG19,YOL082W
MIP1,YOR330C
BUD14,YAR014C
Uncharacterized,YOR387C
CYT1,YOR065W
DFG16,YOR030W
REI1,YBR267W
RAD50,YNL250W
TOM1,YDR457W
ROM1,YGR070W
SSK2,YNR031C
TOM22,YNL131W
PDR3,YBL005W
RSM10,YDR041W
Uncharacterized,YDR193W
PAP2,YOL115W
Uncharacterized,YPR015C
ENV7,YPL236C
ADH7,YCR105W
DXO1,YDR370C
Uncharacterized,YDL050C
PAC11,YDR488C
RNH203,YLR154C
ECM21,YBL101C
GND2,YGR256W
GDA1,YEL042W
TAH18,YPR048W
NSA2,YER126C
PPR1,YLR014C
TOM71,YHR117W
AZF1,YOR113W
AZR1,YGR224W
FIG1,YBR040W
THI21,YPL258C
YSC83,YHR017W
RRT12,YCR045C
TOR2,YKL203C
VBA3,YCL069W
PUS9,YDL036C
NTE1,YML059C
Uncharacterized,YFL067W
Uncharacterized,YKR045C
EDC2,YER035W
IMP3,YHR148W
RPS27a,YKL156W
ANT1,YPR128C
TMA17,YDL110C
ERG29,YMR134W
Uncharacterized,YJR071W
MND2,YIR025W
AMA1,YGR225W
PMC1,YGL006W
NCR1,YPL006W
GPT2,YKR067W
GLN4,YOR168W
MCM1,YMR043W
MOT2,YER068W
BET5,YML077W
AIP1,YMR092C
Uncharacterized,YDR230W
NPY1,YGL067W
CCT8,YJL008C
PRP22,YER013W
TMA23,YMR269W
LTP1,YPR073C
Uncharacterized,YER188W
VMA4,YOR332W
EFM1,YHL039W
Uncharacterized,YHR177W
BAP3,YDR046C
RPL35b,YDL136W
YTA7,YGR270W
HXT15,YDL245C
OMS1,YDR316W
SEC26,YDR238C
PEX29,YDR479C
UGA4,YDL210W
CWP1,YKL096W
YAF9,YNL107W
Uncharacterized,YBR113W
RPL16b,YNL069C
COX13,YGL191W
FET5,YFL041W
UBX5,YDR330W
SET2,YJL168C
FIG4,YNL325C
LAS21,YJL062W
Uncharacterized,YPR146C
TAF12,YDR145W
ULP1,YPL020C
SHE2,YKL130C
PRM9,YAR031W
SEC15,YGL233W
REV1,YOR346W
Uncharacterized,YOR102W
RNA1,YMR235C
DAM1,YGR113W
BUD6,YLR319C
PCH2,YBR186W
Uncharacterized,YLR184W
YEN1,YER041W
SOR1,YJR159W
HDA2,YDR295C
RRD1,YIL153W
WSS1,YHR134W
DPB3,YBR278W
REE1,YJL217W
Uncharacterized,YIL102C
KIP2,YPL155C
GPX2,YBR244W
SWC3,YAL011W
CSG2,YBR036C
FZO1,YBR179C
BDF1,YLR399C
JJJ3,YJR097W
BTN2,YGR142W
NIP7,YPL211W
LSM2,YBL026W
Uncharacterized,YLR257W
ATG21,YPL100W
BNI4,YNL233W
DPB4,YDR121W
VAM6,YDL077C
ODC2,YOR222W
URA3,YEL021W
PAM18,YLR008C
Uncharacterized,YHR210C
RPS14b,YJL191W
Uncharacterized,YLR464W
PRS5,YOL061W
ESC1,YMR219W
SPT8,YLR055C
Uncharacterized,YJR061W
PAU6,YNR076W
Uncharacterized,YFR016C
YSC84,YHR016C
Uncharacterized,YOR379C
FYV6,YNL133C
HMG2,YLR450W
PRK1,YIL095W
END3,YNL084C
ETT1,YOR051C
MUP1,YGR055W
LPX1,YOR084W
Uncharacterized,YBR287W
SPS22,YCL048W
GRX4,YER174C
RPL13b,YMR142C
LYS20,YDL182W
GPG1,YGL121C
GLO4,YOR040W
TOS6,YNL300W
OSH2,YDL019C
UBP13,YBL067C
UPS2,YLR168C
ZDS1,YMR273C
LEO1,YOR123C
MSS11,YMR164C
GPI13,YLL031C
CDC10,YCR002C
PDS1,YDR113C
COS6,YGR295C
RSC58,YLR033W
PAU18,YLL064C
FUR4,YBR021W
RAD9,YDR217C
GCR2,YNL199C
ARK1,YNL020C
VPS20,YMR077C
OM14,YBR230C
SMC1,YFL008W
HUL4,YJR036C
COQ11,YLR290C
FAA4,YMR246W
SVS1,YPL163C
YPK9,YOR291W
LCB2,YDR062W
SBA1,YKL117W
SIM1,YIL123W
SGV1,YPR161C
SEN15,YMR059W
Uncharacterized,YJL043W
RNH202,YDR279W
ERG9,YHR190W
BUG1,YDL099W
PAP1,YKR002W
MDN1,YLR106C
Uncharacterized,YML090W
COQ9,YLR201C
Uncharacterized,YGL041C
ATG5,YPL149W
UBS1,YBR165W
Uncharacterized,YIL001W
LEE1,YPL054W
Uncharacterized,YIL054W
MRX5,YJL147C
PPE1,YHR075C
YMR1,YJR110W
DOS2,YDR068W
SMC2,YFR031C
ORM2,YLR350W
GTR2,YGR163W
MLP2,YIL149C
SMM1,YNR015W
RTG3,YBL103C
CDC16,YKL022C
LST8,YNL006W
ISY1,YJR050W
YPT32,YGL210W
NFI1,YOR156C
PSY3,YLR376C
CDC9,YDL164C
OAR1,YKL055C
RIM15,YFL033C
Uncharacterized,YML108W
SGF29,YCL010C
CNE1,YAL058W
TTI2,YJR136C
Uncharacterized,YMR310C
SAP185,YJL098W
MRPL16,YBL038W
Uncharacterized,YDR396W
Uncharacterized,YHL042W
CAF120,YNL278W
VAS1,YGR094W
CRH1,YGR189C
ANR2,YKL047W
PIP2,YOR363C
ALG8,YOR067C
SKM1,YOL113W
SLA1,YBL007C
KCC4,YCL024W
TSC10,YBR265W
HST4,YDR191W
DAP2,YHR028C
RSM19,YNR037C
Uncharacterized,YNR048W
PRP45,YAL032C
PHM7,YOL084W
UGP1,YKL035W
SDH7,YDR511W
TIP20,YGL145W
WSC2,YNL283C
MRPL17,YNL252C
PDE1,YGL248W
BAP2,YBR068C
ENO1,YGR254W
NRG1,YDR043C
USV1,YPL230W
UTR2,YEL040W
EDC3,YEL015W
CMR3,YPR013C
MRPL25,YGR076C
CMG1,YLR271W
MNN4,YKL201C
CLN2,YPL256C
Uncharacterized,YDL034W
DMA1,YHR115C
PET122,YER153C
DSE1,YER124C
MIM1,YOL026C
CCT7,YJL111W
CBS1,YDL069C
PMR1,YGL167C
Uncharacterized,YLR366W
FMN1,YDR236C
RPS27b,YHR021C
PHM8,YER037W
MSH3,YCR092C
CHS1,YNL192W
MIR1,YJR077C
RER2,YBR002C
HAP4,YKL109W
SRP102,YKL154W
PSR1,YLL010C
TRM3,YDL112W
ECM30,YLR436C
Uncharacterized,YOL019W
YPS3,YLR121C
KTR2,YKR061W
SLC1,YDL052C
HMG1,YML075C
Uncharacterized,YML002W
IES3,YLR052W
TIR1,YER011W
Uncharacterized,YMR090W
TRA1,YHR099W
RMA1,YKL132C
ATG7,YHR171W
HSP78,YDR258C
ATX1,YNL259C
YJU3,YKL094W
MCM21,YDR318W
GTO3,YMR251W
AIM9,YER080W
MPH2,YDL247W
PPQ1,YPL179W
TES1,YJR019C
EKI1,YDR147W
PET112,YBL080C
EIS1,YMR031C
RPS16b,YDL083C
GAT2,YMR136W
RAD1,YPL022W
MRX8,YDR336W
BNA3,YJL060W
CRC1,YOR100C
EGT2,YNL327W
EEB1,YPL095C
UFD1,YGR048W
Uncharacterized,YGR115C
PAF1,YBR279W
TAZ1,YPR140W
MST28,YAR033W
SGN1,YIR001C
RPA43,YOR340C
CBF2,YGR140W
ENB1,YOL158C
Uncharacterized,YBR184W
EMC4,YGL231C
SPL2,YHR136C
Uncharacterized,YDR018C
SUR2,YDR297W
PFY1,YOR122C
APD1,YBR151W
Uncharacterized,YFL065C
GUT2,YIL155C
Uncharacterized,YJL211C
GPI11,YDR302W
DEP1,YAL013W
RRT2,YBR246W
Uncharacterized,YIL100W
EMG1,YLR186W
GRX3,YDR098C
YUH1,YJR099W
HSP60,YLR259C
TGS1,YPL157W
BYE1,YKL005C
RPL12b,YDR418W
BMS1,YPL217C
Uncharacterized,YEL023C
RCN2,YOR220W
RTG1,YOL067C
RIM20,YOR275C
RPL31a,YDL075W
ARO1,YDR127W
TLG2,YOL018C
YHM2,YMR241W
YBT1,YLL048C
Uncharacterized,YLR053C
Uncharacterized,YPR203W
PDR17,YNL264C
DDI3,YNL335W
PEX30,YLR324W
Uncharacterized,YLR462W
RPN2,YIL075C
Uncharacterized,YHR212C
SDD3,YOL098C
UBP6,YFR010W
SNT309,YPR101W
AIF1,YNR074C
YAP3,YHL009C
FYV10,YIL097W
SPO13,YHR014W
PSK2,YOL045W
Uncharacterized,YOR053W
ASI1,YMR119W
ALG11,YNL048W
SNN1,YNL086W
MRH4,YGL064C
ECM32,YER176W
ACO1,YLR304C
FEX2,YPL279C
Uncharacterized,YDL180W
SOH1,YGL127C
LSP1,YPL004C
SEC10,YLR166C
CLN1,YMR199W
FRE2,YKL220C
Uncharacterized,YBL065W
URA10,YMR271C
SHO1,YER118C
GCN4,YEL009C
Uncharacterized,YLL066C
GEX2,YKR106W
PET117,YER058W
DNF3,YMR162C
ALT2,YDR111C
SEC20,YDR498C
CHS3,YBR023C
HAM1,YJR069C
MAL32,YBR299W
SAM50,YNL026W
RHO4,YKR055W
MVB12,YGR206W
Uncharacterized,YIR035C
PET191,YJR034W
YSP3,YOR003W
GCD6,YDR211W
Uncharacterized,YJL045W
MRPS18,YNL306W
TIM18,YOR297C
MET16,YPR167C
Uncharacterized,YMR057C
CAT5,YOR125C
RPS26a,YGL189C
UTP9,YHR196W
ISA2,YPR067W
MXR2,YCL033C
YML6,YML025C
PRE8,YML092C
ERG27,YLR100W
Uncharacterized,YKL115C
MTH1,YDR277C
SGM1,YJR134C
RSC8,YFR037C
DAS1,YJL149W
FMP41,YNL168C
TIM23,YNR017W
POP7,YBR167C
CDC40,YDR364C
OXR1,YPL196W
RAD7,YJR052W
VHR1,YIL056W
LCL1,YPL056C
RPC19,YNL113W
NMD2,YHR077C
MFA1,YDR461W
Uncharacterized,YPR109W
CDC42,YLR229C
SEC72,YLR292C
SPT23,YKL020C
PRP43,YGL120C
HHF1,YBR009C
VAM7,YGL212W
FAP7,YDL166C
Uncharacterized,YLR374C
FAB1,YFR019W
ASI3,YNL008C
MDY2,YOL111C
Uncharacterized,YIL161W
ELP6,YMR312W
MEI5,YPL121C
NOP8,YOL144W
MPT5,YGL178W
RAD57,YDR004W
MEP1,YGR121C
GPN3,YLR243W
PPH21,YDL134C
TPC1,YGR096W
NNF1,YJR112W
IST3,YIR005W
BRE4,YDL231C
Uncharacterized,YEL074W
RPS24b,YIL069C
ACF4,YJR083C
PNC1,YGL037C
FPR1,YNL135C
SNC1,YAL030W
ADH1,YOL086C
RPL9a,YGL147C
SHM1,YBR263W
ECM15,YBL001C
ARC35,YNR035C
Uncharacterized,YBR232C
Uncharacterized,YDL032W
Uncharacterized,YMR252C
RAI1,YGL246C
Uncharacterized,YCR101C
RPC11,YDR045C
GTT3,YEL017W
SSO1,YPL232W
GCN5,YGR252W
CUL3,YGR003W
Uncharacterized,YPR011C
GRH1,YDR517W
TRE2,YOR256C
DST1,YGL043W
ARN1,YHL040C
Uncharacterized,YPR044C
PRT1,YOR361C
ERV1,YGR029W
DBP3,YGL078C
MRS2,YOR334W
UBP3,YER151C
Uncharacterized,YOL024W
IPL1,YPL209C
FIT2,YOR382W
HYM1,YKL189W
CYC7,YEL039C
HFI1,YPL254W
Uncharacterized,YFL063W
FUB1,YCR076C
CAR2,YLR438W
YEH1,YLL012W
CDC50,YCR094W
Uncharacterized,YNL190W
LYS4,YDR234W
HVG1,YER039C
ADY3,YDL239C
DAL2,YIR029W
ATG9,YDL149W
FMP46,YKR049C
HDA3,YPR179C
SNF8,YPL002C
HOC1,YJR075W
FRA1,YLL029W
CTR1,YPR124W
APC2,YLR127C
AFG3,YER017C
AAT2,YLR027C
LAS1,YKR063C
CDC53,YDL132W
Uncharacterized,YHR097C
SMI1,YGR229C
SNZ1,YMR096W
Uncharacterized,YGR182C
UTP7,YER082C
Uncharacterized,YKL069W
Uncharacterized,YHR173C
AIM34,YMR003W
CUP9,YPL177C
Uncharacterized,YDL241W
GPM1,YKL152C
LCB5,YLR260W
CDC5,YMR001C
ALG3,YBL082C
BUD2,YKL092C
Uncharacterized,YLR149C
RPP1a,YDL081C
CIN4,YMR138W
YUR1,YJL139C
Uncharacterized,YDR149C
SPC3,YLR066W
MSY1,YPL097W
LPD1,YFL018C
SWR1,YDR334W
STP3,YLR375W
Uncharacterized,YPR142C
MPM1,YJL066C
CCS1,YMR038C
Uncharacterized,YGR117C
Uncharacterized,YHR033W
Uncharacterized,YOR342C
VAM3,YOR106W
PTR3,YFR029W
RIB7,YBR153W
SLG1,YOR008C
SGO1,YOR073W
HRQ1,YDR291W
NTG1,YAL015C
COA1,YIL157C
ABZ2,YMR289W
THI2,YBR240C
MLF3,YNL074C
PRP46,YPL151C
SAM1,YLR180W
RSM23,YGL129C
Uncharacterized,YJL213W
CAP1,YKL007W
Uncharacterized,YOR277C
INP54,YOL065C
SYF1,YDR416W
PIM1,YBL022C
Uncharacterized,YMR181C
Uncharacterized,YLR460C
ECM18,YDR125C
YRB30,YGL164C
Uncharacterized,YHR214W
RNP1,YLL046C
ALR1,YOL130W
FCF2,YLR051C
THI73,YLR004C
DCV1,YFR012W
ARR3,YPR201W
PET54,YGR222W
SPO22,YIL073C
LDS2,YOL047C
HXT17,YNR072W
RAD27,YKL113C
VPS29,YHR012W
TIM44,YIL022W
RPA49,YNL248C
Uncharacterized,YOR055W
COS3,YML132W
DOT1,YDR440W
Uncharacterized,YLR326W
Uncharacterized,YDL186W
OLA1,YBR025C
PMU1,YKL128C
Uncharacterized,YKL222C
ADK2,YER170W
FCP1,YMR277W
RSE1,YML049C
SLS1,YLR139C
ATG15,YCR068W
Uncharacterized,YLR446W
MET13,YGL125W
Uncharacterized,YOR248W
SLX8,YER116C
Uncharacterized,YKR104W
SHH4,YLR164W
Uncharacterized,YMR160W
GEX1,YCL073C
VTI1,YMR197C
PHO11,YAR071W
CPR7,YJR032W
GTT2,YLL060C
COS9,YKL219W
HYR1,YIR037W
ERG4,YGL012W
SYF2,YGR129W
IRC21,YMR073C
KIN3,YAR018C
EFM6,YNL024C
SER2,YGR208W
UPC2,YDR213W
MSG5,YNL053W
TRZ1,YKR079C
BUB2,YMR055C
RTR2,YDR066C
SPR1,YOR190W
YPT11,YNL304W
RHO1,YPR165W
RTT101,YJL047C
BSC2,YDR275W
CIN8,YEL061C
Uncharacterized,YGR021W
YOX1,YML027W
CSR2,YPR030W
MAL13,YGR288W
APC9,YLR102C
TUB2,YFL037W
UAF30,YOR295W
NHP2,YDL208W
MDM31,YHR194W
NMD5,YJR132W
Uncharacterized,YDR366C
PDR12,YPL058C
Uncharacterized,YFR035C
PRP2,YNR011C
RPL7b,YPL198W
CYB5,YNL111C
PCL5,YHR071W
IPI3,YNL182C
ELO3,YLR372W
SRB7,YDR308C
SFA1,YDL168W
ASG7,YJL170C
STE23,YLR389C
IMH1,YLR309C
GPX1,YKL026C
ENT5,YDR153C
SRP54,YPR088C
TAE1,YBR261C
PSF3,YOL146W
ARC40,YBR234C
Uncharacterized,YIL163C
Uncharacterized,YDL026W
SEC21,YNL287W
APE3,YBR286W
PRE5,YMR314W
MRP51,YPL118W
SOK1,YDR006C
PPT1,YGR123C
CSC1,YLR241W
MFG1,YDL233W
DCD1,YHR144C
UTP22,YGR090W
Uncharacterized,YJR149W
CDS1,YBR029C
RBG1,YAL036C
BAT1,YHR208W
NAM9,YNL137C
KRE33,YNL132W
RNQ1,YCL028W
ELM1,YKL048C
EFM5,YGR001C
PEX19,YDL065C
RTF1,YGL244W
Uncharacterized,YMR254C
GLC3,YEL011W
URE2,YNL229C
PRP9,YDL030W
RIE1,YGR250C
MRM1,YOR201C
KRE5,YOR336W
SEC63,YOR254C
PTC7,YHR076W
Uncharacterized,YAR047C
SLF1,YDR515W
SET1,YHR119W
PAU13,YHL046C
TSR4,YOL022C
ARF3,YOR094W
DDI2,YFL061W
HMRA2,YCR096C
RAD23,YEL037C
Uncharacterized,YBL059W
COG3,YER157W
YAH1,YPL252C
APA1,YCL050C
YHK8,YHR048W
SRT1,YMR101C
AXL1,YPR122W
HSP30,YCR021C
SLZ1,YNL196C
MRL1,YPR079W
SEC7,YDR170C
HXT14,YNL318C
UGA2,YBR006W
VID27,YNL212W
FAA2,YER015W
CIN10,YDR387C
NUP192,YJL039C
Uncharacterized,YBL053W
GIS4,YML006C
Uncharacterized,YLR125W
RPP1b,YDL130W
LRS4,YDR439W
XYL2,YLR070C
MCM16,YPR046W
SNF7,YLR025W
DUS3,YLR401C
Uncharacterized,YHR095W
Uncharacterized,YDR341C
YNK1,YKL067W
CTF13,YMR094W
Uncharacterized,YJL064W
RTR1,YER139C
MAD3,YJL013C
Uncharacterized,YNL018C
ALY1,YKR021W
CUE2,YKL090W
TAF4,YMR005W
Uncharacterized,YER084W
YPT6,YLR262C
AAD4,YDL243C
SPT14,YPL175W
LUC7,YDL087C
SEG2,YKL105C
MRPL44,YMR225C
MCR1,YKL150W
MTR2,YKL186C
ITT1,YML068W
GLR1,YPL091W
DCS2,YOR173W
LEM3,YNL323W
PRI1,YIR008C
CUP2,YGL166W
AGE1,YDR524C
Uncharacterized,YOR333C
SSD1,YDR293C
NRT1,YOR071C
CNS1,YBR155W
KXD1,YGL079W
OYE3,YPL171C
NCL1,YBL024W
PSK1,YAL017W
Uncharacterized,YBR242W
UMP1,YBR173C
PGA1,YNL158W
SWI6,YLR182W
MET14,YKL001C
AIM3,YBR108W
MKS1,YNL076W
SNA3,YJL151C
SEC11,YIR022W
PSE1,YMR308C
SUT1,YGL162W
SSO2,YMR183C
ERD1,YDR414C
GAS4,YOL132W
FSF1,YOR271C
IMD2,YHR216W
LTO1,YNL260C
RFT1,YBL020W
Uncharacterized,YIL024C
RPL27a,YHR010W
LSB5,YCL034W
PDR16,YNL231C
SPA2,YLL021W
NOP12,YOL041C
ZEO1,YOL109W
PCI8,YIL071C
PDR18,YNR070W
Uncharacterized,YNR025C
NMA1,YLR328W
ERO1,YML130C
SLX1,YBR228W
VPS75,YNL246W
TAM41,YGR046W
RIC1,YLR039C
Uncharacterized,YBR090C
PHO23,YNL097C
ENA2,YDR039C
GEP7,YGL057C
Uncharacterized,YBR027C
BRR2,YER172C
NPC2,YDL046W
RPL41a,YDL184C
Uncharacterized,YLR162W
PAU16,YKL224C
PCM1,YEL058W
PRM6,YML047C
OSW5,YMR148W
STB4,YMR019W
SSK1,YLR006C
FLO10,YKR102W
Uncharacterized,YHR127W
Uncharacterized,YOR300W
Uncharacterized,YIL086C
MTF1,YMR228W
PEA2,YER149C
IMD1,YAR073W
BOI2,YER114C
MHT1,YLL062C
ACA1,YER045C
DCK1,YLR422W
YLF2,YHL014C
NYV1,YLR093C
DAL7,YIR031C
Uncharacterized,YKR051W
TAP42,YMR028W
RBH2,YJR030C
RPS13,YDR064W
HIS6,YIL020C
RSF1,YMR030W
BUD30,YDL151C
MAL33,YBR297W
BUL1,YMR275C
MPO1,YGL010W
Uncharacterized,YMR122C
ERG2,YMR202W
GUK1,YDR454C
MSA2,YKR077W
THI72,YOR192C
CAN1,YEL063C
Uncharacterized,YPR063C
DON1,YDR273W
PHB2,YGR231C
SRO7,YPR032W
ACT1,YFL039C
UNG1,YML021C
STR2,YJR130C
RPL34b,YIL052C
CWC27,YPL064C
MLS1,YNL117W
PHO91,YNR013C
CPS1,YJL172W
URA6,YKL024C
YPK1,YKL126W
OSH3,YHR073W
COG5,YNL051W
Uncharacterized,YDR360W
ATG8,YBL078C
CTH1,YDR151C
ALD6,YPL061W
Uncharacterized,YDR306C
PTA1,YAL043C
ARC18,YLR370C
ZRG17,YNR039C
HXT6,YDR343C
FUN19,YAL034C
REH1,YLR387C
Uncharacterized,YPR126C
Uncharacterized,YNL285W
Uncharacterized,YIL165C
KAP120,YPL125W
ARG8,YOL140W
CRP1,YHR146W
RTT103,YDR289C
MXR1,YER042W
STT4,YLR305C
TPM2,YIL138C
NOT3,YIL038C
AIM4,YBR194W
SRS2,YJL092W
SSL2,YIL143C
DIA1,YMR316W
Uncharacterized,YGR125W
HIR2,YOR038C
DBF2,YGR092W
NOP7,YGR103W
Uncharacterized,YGL081W
YPD1,YDL235C
IRC20,YLR247C
Uncharacterized,YOL166C
LAA1,YJL207C
Uncharacterized,YOL075C
LST7,YGR057C
MRF1,YGL143C
SUL1,YBR294W
RPS5,YJR123W
THO2,YNL139C
PBP1,YGR178C
COX9,YDL067C
Uncharacterized,YBL109W
YCF1,YDR135C
PUS4,YNL292W
COX7,YMR256C
PAC10,YGR078C
TAT2,YOL020W
Uncharacterized,YGL242C
TMA16,YOR252W
RPL8a,YHL033C
BEM2,YER155C
RTG2,YGL252C
RPS7a,YOR096W
ECT1,YGR007W
SCO1,YBR037C
CIT3,YPR001W
Uncharacterized,YGL074C
UTR5,YEL035C
COQ8,YGL119W
PEX34,YCL056C
Uncharacterized,YPL205C
Uncharacterized,YMR103C
ATG41,YPL250C
Uncharacterized,YGR025W
ALF1,YNL148C
Uncharacterized,YNL194C
Uncharacterized,YCR023C
CWC22,YGR278W
RDH54,YBR073W
GPI18,YBR004C
DPB2,YPR175W
PTH2,YBL057C
CLB5,YPR120C
PRE7,YBL041W
USO1,YDL058W
PEX17,YNL214W
SFP1,YLR403W
AOS1,YPR180W
VAC8,YEL013W
Uncharacterized,YOR203W
TIP41,YPR040W
EFT2,YDR385W
FSH3,YOR280C
DIG2,YDR480W
GLO1,YML004C
AKL1,YBR059C
IZH3,YLR023C
AHT1,YHR093W
GGC1,YDL198C
LAM6,YLR072W
ISC10,YER180C
RPC17,YJL011C
SLI1,YGR212W
NOG1,YPL093W
MRP1,YDR347W
MRPL31,YKL138C
ILV1,YER086W
UME6,YDR207C
RPS28b,YLR264W
Uncharacterized,YKR023W
Uncharacterized,YDL218W
CTS1,YLR286C
PUB1,YNL016W
DYN2,YDR424C
Uncharacterized,YDL118W
RGT1,YKL038W
Uncharacterized,YKL107W
RPL21b,YPL079W
Uncharacterized,YGL199C
Uncharacterized,YKR018C
LCB4,YOR171C
SWP82,YFL049W
MRP17,YKL003C
NDE2,YDL085W
PEX3,YDR329C
RRP4,YHR069C
HIS2,YFR025C
SWD3,YBR175W
GVP36,YIL041W
Uncharacterized,YLR311C
ZIP2,YGL249W
ACP1,YKL192C
NRM1,YNR009W
Uncharacterized,YPR098C
DAN4,YJR151C
YET1,YKL065C
TAH11,YJR046W
Uncharacterized,YDL172C
Uncharacterized,YMR007W
BUD27,YFL023W
Uncharacterized,YPL108W
UBC13,YDR092W
SEC66,YBR171W
FAR1,YJL157C
BEM1,YBR200W
TOM7,YNL070W
TPO4,YOR273C
LPL1,YOR059C
POL2,YNL262W
Uncharacterized,YAR028W
Uncharacterized,YAR053W
RRP17,YDR412W
NUF2,YOL069W
SAC6,YDR129C
ATG10,YLL042C
Uncharacterized,YOL134C
MBB1,YJL199C
ICS2,YBR157C
GFD2,YCL036W
NTG2,YOL043C
YPQ1,YOL092W
DIT2,YDR402C
RTS2,YOR077W
YEF1,YEL041W
Uncharacterized,YGL042C
SUI1,YNL244C
IRR1,YIL026C
OLE1,YGL055W
PHO3,YBR092C
Uncharacterized,YLR458W
BUD17,YNR027W
Uncharacterized,YNL095C
QCR7,YDR529C
RME1,YGR044C
Uncharacterized,YBL113C
SLX4,YLR135W
STE13,YOR219C
NEW1,YPL226W
ASP3-4,YLR160C
MTF2,YDL044C
Uncharacterized,YML018C
LSM4,YER112W
Uncharacterized,YDL011C
Uncharacterized,YDR355C
SKG1,YKR100C
SDS3,YIL084C
Uncharacterized,YOR302W
Uncharacterized,YLR419W
Uncharacterized,YAR075W
DUR3,YHL016C
MRPL24,YMR193W
UBI4,YLL039C
THR4,YCR053W
NSE5,YML023C
GEP5,YLR091W
YSR3,YKR053C
SAP1,YER047C
TAF13,YML098W
URA4,YLR420W
YAE1,YJR067C
TVP18,YMR071C
SAS10,YDL153C
KAP122,YGL016W
MGA2,YIR033W
RRI1,YDL216C
ADE17,YMR120C
SMB1,YER029C
Uncharacterized,YKR075C
TOA1,YOR194C
ROT1,YMR200W
ARP7,YPR034W
Uncharacterized,YDR271C
BUD7,YOR299W
PHO81,YGR233C
MATALPHA2,YCR039C
JID1,YPR061C
HTB1,YDR224C
PTH1,YHR189W
SWC7,YLR385C
TFC6,YDR362C
PSF1,YDR013W
Uncharacterized,YBR138C
RPL42a,YNL162W
COA4,YLR218C
Uncharacterized,YGL138C
Uncharacterized,YNL115C
KRE9,YJL174W
Uncharacterized,YNL057W
TPO3,YPR156C
Uncharacterized,YDR157W
APS2,YJR058C
YHC1,YLR298C
EAF1,YDR359C
SSH4,YKL124W
IDH2,YOR136W
NNK1,YKL171W
ZAP1,YJL056C
TIM50,YPL063W
RRP40,YOL142W
INM2,YDR287W
MIG2,YGL209W
CPR5,YDR304C
CDC24,YAL041W
Uncharacterized,YDR199W
HHO1,YPL127C
PGI1,YBR196C
Uncharacterized,YHR140W
Uncharacterized,YLR400W
DPB11,YJL090C
YRB1,YDR002W
Uncharacterized,YLR198C
NCE101,YJL205C
BDS1,YOL164W
ILM1,YJR118C
Uncharacterized,YIL141W
BDP1,YNL039W
SCY1,YGL083W
CDD1,YLR245C
AIM6,YDL237W
RRM3,YHR031C
PCP1,YGR101W
STE6,YKL209C
Uncharacterized,YLR232W
BRX1,YOL077C
RGP1,YDR137W
Uncharacterized,YJR085C
RPS29b,YDL061C
MTC7,YEL033W
RPS1a,YLR441C
Uncharacterized,YBR292C
TFG2,YGR005C
SCM4,YGR049W
BRE5,YNR051C
DOT5,YIL010W
BUL2,YML111W
SBP1,YHL034C
FZF1,YGL254W
Uncharacterized,YOR392W
GPD2,YOL059W
MID2,YLR332W
DOC1,YGL240W
Uncharacterized,YFR006W
ARB1,YER036C
Uncharacterized,YLR444C
BUB3,YOR026W
PTC5,YOR090C
TYW1,YPL207W
GOS1,YHL031C
RPS25a,YGR027C
SPB1,YCL054W
MAK21,YDR060W
VIP1,YLR410W
PGM2,YMR105C
Uncharacterized,YGL117W
Uncharacterized,YCR025C
Uncharacterized,YBL055C
MSB1,YOR188W
FMP10,YER182W
DAL82,YNL314W
HMO1,YDR174W
ISN1,YOR155C
CLP1,YOR250C
GEP3,YOR205C
Uncharacterized,YPR177C
DPS1,YLL018C
Uncharacterized,YGL101W
ECM13,YBL043W
PUF2,YPR042C
OCA5,YHL029C
SMX3,YPR182W
ILV6,YCL009C
TCA17,YEL048C
Uncharacterized,YGR190C
CWC21,YDR482C
IRC25,YLR021W
BUD20,YLR074C
DUS4,YLR405W
RAP1,YNL216W
YTA12,YMR089C
Uncharacterized,YPR148C
PTM1,YKL039W
HXT3,YDR345C
LEU9,YOR108W
Uncharacterized,YJL068C
OYE2,YHR179W
SFB2,YNL049C
Uncharacterized,YGR210C
Uncharacterized,YCR087W
Uncharacterized,YDR250C
RPC37,YKR025W
MSC2,YDR205W
PRM10,YJL108C
PDR8,YLR266C
ECI1,YLR284C
DOT6,YER088C
HSL1,YKL101W
HEF3,YNL014W
YOP1,YPR028W
TAD2,YJL035C
GCY1,YOR120W
TEL1,YBL088C
MSL5,YLR116W
SEC3,YER008C
DAL4,YIR028W
MPC54,YOR177C
HCR1,YLR192C
AAD10,YJR155W
EHT1,YBR177C
FBP26,YJL155C
ALB1,YJL122W
DJP1,YIR004W
ECO1,YFR027W
RPL24b,YGR148C
Uncharacterized,YLR152C
PFA5,YDR459C
SPH1,YLR313C
ATG3,YNR007C
PGU1,YJR153W
CNB1,YKL190W
UGA3,YDL170W
Uncharacterized,YGL239C
Uncharacterized,YKL063C
VPS55,YJR044C
Uncharacterized,YJR011C
ADI1,YMR009W
RNH201,YNL072W
GAT1,YFL021W
HXT9,YJL219W
RIT1,YMR283C
Uncharacterized,YDR090C
Uncharacterized,YIL108W
VTS1,YOR359W
Uncharacterized,YMR187C
LDB19,YOR322C
VPS13,YLL040C
STE14,YDR410C
LAP3,YNL239W
LSM7,YNL147W
MED8,YBR193C
ALG6,YOR002W
UFE1,YOR075W
RPB7,YDR404C
Uncharacterized,YFR018C
Uncharacterized,YLR352W
Uncharacterized,YNR021W
ATG2,YNL242W
MSH2,YOL090W
RPL14a,YKL006W
MFA2,YNL145W
PBY1,YBR094W
RBA50,YDR527W
MTE1,YGR042W
PHO80,YOL001W
Uncharacterized,YLR338W
YPT53,YNL093W
MMT2,YPL224C
Uncharacterized,YBL111C
RKM5,YLR137W
SIR2,YDL042C
Uncharacterized,YBR096W
CAB1,YDR531W
NOC3,YLR002C
KAP123,YER110C
FTR1,YER145C
PFK27,YOL136C
EPT1,YHR123W
ISW2,YOR304W
XPT1,YJR133W
ETP1,YHL010C
SPG5,YMR191W
Uncharacterized,YLR108C
ADK1,YDR226W
RSC4,YKR008W
HRT3,YLR097C
TRS85,YDR108W
TDA5,YLR426W
Uncharacterized,YGL102C
CLB3,YDL155W
SEC14,YMR079W
DLT1,YMR126C
PUF4,YGL014W
RRN11,YML043C
FYV7,YLR068W
Uncharacterized,YMR279C
Uncharacterized,YKR073C
GAL83,YER027C
SLX5,YDL013W
TVP38,YKR088C
Uncharacterized,YMR206W
LIP5,YOR196C
MKK1,YOR231W
VMA13,YPR036W
Uncharacterized,YEL067C
MIC26,YGR235C
SNU114,YKL173W
RPL31b,YLR406C
Uncharacterized,YLL020C
SMC6,YLR383W
KRS1,YDR037W
SDC1,YDR469W
MST27,YGL051W
YGP1,YNL160W
SEC59,YMR013C
MFB1,YDR219C
ADP1,YCR011C
POR1,YNL055C
SPB4,YFL002C
CPR1,YDR155C
SWI3,YJL176C
GTS1,YGL181W
YDC1,YPL087W
VPS28,YPL065W
TIM54,YJL054W
BAG7,YOR134W
PIN3,YPR154W
SRP21,YKL122C
CDC19,YAL038W
SPC72,YAL047C
Uncharacterized,YGR107W
ZIP1,YDR285W
MCH4,YOL119C
CSS1,YIL169C
LSM12,YHR121W
MRPL49,YJL096W
CHS7,YHR142W
TAF14,YPL129W
Uncharacterized,YBR190W
Uncharacterized,YOL162W
PRP21,YJL203W
PWP1,YLR196W
Uncharacterized,YAL065C
HCS1,YKL017C
LCL3,YGL085W
SLN1,YIL147C
YIG1,YPL201C
Uncharacterized,YLR230W
POP8,YBL018C
Uncharacterized,YDR131C
Uncharacterized,YIL012W
SYO1,YDL063C
SDH5,YOL071W
CLA4,YNL298W
BSD2,YBR290W
SPF1,YEL031W
COS10,YNR075W
NOG2,YNR053C
DAT1,YML113W
SOD2,YHR008C
RPN11,YFR004W
Uncharacterized,YHR202W
CHS5,YLR330W
RET2,YFR051C
Uncharacterized,YHL037C
Uncharacterized,YNR068C
Uncharacterized,YOL057W
ADH4,YGL256W
RPS12,YOR369C
RPB9,YGL070C
TOG1,YER184C
HST3,YOR025W
ECM3,YOR092W
MSC1,YML128C
SPG4,YMR107W
MIP6,YHR015W
Uncharacterized,YNL198C
SNF3,YDL194W
DNF1,YER166W
RPB3,YIL021W
SNF4,YGL115W
RHB1,YCR027C
Uncharacterized,YDL009C
VPS52,YDR484W
SLM4,YBR077C
YRA1,YDR381W
NPR1,YNL183C
NGG1,YDR176W
RKR1,YMR247C
RPL28,YGL103W
RET1,YOR207C
TDH3,YGR192C
COR1,YBL045C
POL30,YBR088C
Uncharacterized,YLR407W
VHR2,YER064C
GDB1,YPR184W
MGS1,YNL218W
Uncharacterized,YLR076C
PRP6,YBR055C
ALE1,YOR175C
SCW11,YGL028C
Uncharacterized,YJL015C
PEX6,YNL329C
Uncharacterized,YJL220W
SPO1,YNL012W
RTT109,YLL002W
GPI1,YGR216C
Uncharacterized,YCR085W
IRC18,YJL037W
MRN1,YPL184C
Uncharacterized,YDR203W
Uncharacterized,YLR282C
BTT1,YDR252W
FLR1,YBR008C
CDC34,YDR054C
BSP1,YPR171W
APE1,YKL103C
Uncharacterized,YML037C
NUR1,YDL089W
AVL9,YLR114C
RRN5,YLR141W
PET20,YPL159C
EXO84,YBR102C
GIS1,YDR096W
RRP3,YHR065C
ELC1,YPL046C
Uncharacterized,YKL102C
NKP2,YLR315W
YKT6,YKL196C
Uncharacterized,YNR005C
ATG18,YFR021W
Uncharacterized,YJL120W
Uncharacterized,YDL176W
NUP85,YJR042W
NRK1,YNL129W
TUL1,YKL034W
GPI14,YJR013W
BCH2,YKR027W
BLI1,YKL061W
CUP1-1,YHR053C
KOG1,YHR186C
GPI12,YMR281W
YME2,YMR302C
GYP8,YFL027C
RDS2,YPL133C
Uncharacterized,YKL169C
GCV2,YMR189W
LDH1,YBR204C
Uncharacterized,YAL004W
Uncharacterized,YBR259W
SNF12,YNR023W
PDR15,YDR406W
COQ3,YOL096C
NAR1,YNL240C
HBT1,YDL223C
PCS60,YBR222C
Uncharacterized,YHL012W
NFS1,YCL017C
NST1,YNL091W
HCH1,YNL281W
MCH5,YOR306C
Uncharacterized,YMR226C
GCD11,YER025W
SAM4,YPL273W
RPB4,YJL140W
API2,YDR525W
KSS1,YGR040W
FMP40,YPL222W
PDA1,YER178W
Uncharacterized,YGR015C
PFA4,YOL003C
GNT1,YOR320C
Uncharacterized,YDR220C
HSP31,YDR533C
HMLALPHA1,YCL066W
SCC4,YER147C
RTC1,YOL138C
TRP3,YKL211C
SPP382,YLR424W
PRE6,YOL038W
IOC2,YLR095C
KRR1,YCL059C
HMT1,YBR034C
AFB1,YLR040C
RPA12,YJR063W
HLJ1,YMR161W
SAH1,YER043C
Uncharacterized,YDL157C
VPS71,YML041C
GON7,YJL184W
PRP16,YKR086W
ICP55,YER078C
Uncharacterized,YCR001W
NAT1,YDL040C
TSC13,YDL015C
INP1,YMR204C
DRE2,YKR071C
PAU11,YGL261C
TRM9,YML014W
SPT21,YMR179W
KIN4,YOR233W
Uncharacterized,YGR237C
HXT13,YEL069C
PXR1,YGR280C
OAC1,YKL120W
ZRT3,YKL175W
CTF3,YLR381W
HXT2,YMR011W
MGT1,YDL200C
IES5,YER092W
TDH2,YJR009C
ACE2,YLR131C
VTC2,YFL004W
Uncharacterized,YCR013C
EPO1,YMR124W
MND1,YGL183C
PRE2,YPR103W
NUP53,YMR153W
URN1,YPR152C
SEC16,YPL085W
VPS17,YOR132W
MMS2,YGL087C
TEF1,YPR080W
YIP1,YGR172C
Uncharacterized,YPL067C
TDH1,YJL052W
Uncharacterized,YAL045C
VMA21,YGR105W
SMD1,YGR074W
SDH8,YBR269C
KHA1,YJL094C
PTC4,YBR125C
BNI5,YNL166C
GCN2,YDR283C
RIM2,YBR192W
RSB1,YOR049C
CSM2,YIL132C
SEO1,YAL067C
PAN6,YIL145C
NCW2,YLR194C
PUT3,YKL015W
Uncharacterized,YLR236C
BIR1,YJR089W
Uncharacterized,YOL160W
YEF3,YLR249W
ECM25,YJL201W
GDE1,YPL110C
NFU1,YKL040C
RCK1,YGL158W
DSC2,YOL073C
TPK2,YPL203W
HOL1,YNR055C
Uncharacterized,YDR133C
RPN10,YHR200W
ATC1,YDR184C
NEL1,YHR035W
VAN1,YML115C
POP1,YNL221C
THI20,YOL055C
Uncharacterized,YIL032C
NNF2,YGR089W
HXK1,YFR053C
VMR1,YHL035C
Uncharacterized,YNL108C
SGD1,YLR336C
NIC96,YFR002W
AME1,YBR211C
MTL1,YGR023W
MUM2,YBR057C
Uncharacterized,YDL196W
KAR9,YPL269W
Uncharacterized,YER186C
CHD1,YER164W
GEP4,YHR100C
Uncharacterized,YGL072C
VEL1,YGL258W
LDB16,YCL005W
MMS21,YEL019C
RPS26b,YER131W
Uncharacterized,YMR245W
ARC1,YGL105W
FYV5,YCL058C
SEC9,YGR009C
SLD3,YGL113W
EDE1,YBL047C
VPS60,YDR486C
POM33,YLL023C
XKS1,YGR194C
PZF1,YPR186C
SFG1,YOR315W
HOF1,YMR032W
FRE1,YLR214W
TRP5,YGL026C
SAY1,YGR263C
SPC19,YDR201W
INA17,YPL099C
Uncharacterized,YDL129W
CHL4,YDR254W
LAP2,YNL045W
Uncharacterized,YNL010W
VTH2,YJL222W
VPS4,YPR173C
TRX3,YCR083W
RPS0a,YGR214W
MGA1,YGR249W
PDH1,YPR002W
ZIM17,YNL310C
DBF4,YDR052C
BST1,YFL025C
Uncharacterized,YEL073C
DPH6,YLR143W
GPM2,YDL021W
Uncharacterized,YLR112W
BET4,YJL031C
OGG1,YML060W
AMD1,YML035C
PAN5,YHR063C
Uncharacterized,YPL044C
NIT2,YJL126W
MRT4,YKL009W
ZNF1,YFL052W
UBP2,YOR124C
Uncharacterized,YDR094W
HSP150,YJL159W
MST1,YKL194C
FAR11,YNL127W
RPC34,YNR003C
Uncharacterized,YLR317W
ARH1,YDR376W
PBN1,YCL052C
PES4,YFR023W
SRL4,YPL033C
Uncharacterized,YJR015W
Uncharacterized,YPL182C
COX6,YHR051W
Uncharacterized,YLR280C
GEF1,YJR040W
CLB2,YPR119W
SET3,YKR029C
Uncharacterized,YKL036C
PAM16,YJL104W
DLD1,YDL174C
DSS1,YMR287C
AAC1,YMR056C
QRI1,YDL103C
RPL5,YPL131W
Uncharacterized,YBR220C
NUP159,YIL115C
KEL1,YHR158C
IZH4,YOL101C
ARG3,YJL088W
ADE4,YMR300C
Uncharacterized,YBL028C
YMR31,YFR049W
CYS4,YGR155W
Uncharacterized,YDL221W
VPS8,YAL002W
MIF2,YKL089W
ARG4,YHR018C
CIN5,YOR028C
TSR3,YOR006C
YSH1,YLR277C
RFC4,YOL094C
Uncharacterized,YJR157W
ERG8,YMR220W
Uncharacterized,YLR302C
ADE8,YDR408C
SNU66,YOR308C
PXL1,YKR090W
PRO1,YDR300C
AAH1,YNL141W
NVJ1,YHR195W
Uncharacterized,YGR017W
RPL1a,YPL220W
Uncharacterized,YOR268C
SPS1,YDR523C
RPB11,YOL005C
RML2,YEL050C
SAS5,YOR213C
MIX14,YDR031W
Uncharacterized,YBR206W
LYP1,YNL268W
Uncharacterized,YDR535C
SDT1,YGL224C
Uncharacterized,YGR039W
COX15,YER141W
DOA1,YKL213C
VAM10,YOR068C
YRF1-8,YOR396W
CHA1,YCL064C
USA1,YML029W
FMP45,YDL222C
ARE1,YCR048W
SPO71,YDR104C
SNT1,YCR033W
Uncharacterized,YDR222W
YPS6,YIR039C
Uncharacterized,YLR042C
TIF1,YKR059W
Uncharacterized,YBR032W
SPS19,YNL202W
PRO3,YER023W
MNN5,YJL186W
HPT1,YDR399W
PPZ1,YML016C
FDH1,YOR388C
CKI1,YLR133W
CDC7,YDL017W
Uncharacterized,YOR235W
COS12,YGL263W
SLD7,YOR060C
BGL2,YGR282C
CPR6,YLR216C
MTR4,YJL050W
Uncharacterized,YKR033C
SPO20,YMR017W
Uncharacterized,YML083C
CYR1,YJL005W
Uncharacterized,YDR248C
MRPL11,YDL202W
SAC3,YDR159W
Uncharacterized,YLR159W
CTO1,YCR015C
Uncharacterized,YGL185C
TRP2,YER090W
YIM2,YMR151W
Uncharacterized,YBL070C
SEY1,YOR165W
Uncharacterized,YPR150W
COG4,YPR105C
CNL1,YDR357C
UTP10,YJL109C
REC107,YJR021C
SEN54,YPL083C
ORT1,YOR130C
SSQ1,YLR369W
AIM44,YPL158C
PSD2,YGR170W
KEX1,YGL203C
PHM6,YDR281C
DIB1,YPR082C
EFM3,YJR129C
SPT20,YOL148C
Uncharacterized,YDR008C
DYN3,YMR299C
STD1,YOR047C
LEU1,YGL009C
TOP3,YLR234W
VMA2,YBR127C
DAD1,YDR016C
YPR1,YDR368W
ASG1,YIL130W
ERG20,YJL167W
SPC42,YKL042W
SUN4,YNL066W
SLU7,YDR088C
PEX25,YPL112C
ARA1,YBR149W
SNL1,YIL016W
ARC19,YKL013C
NAB6,YML117W
BIO4,YNR057C
YAP7,YOL028C
ATG4,YNL223W
SKN7,YHR206W
AIM39,YOL053W
SND1,YDR186C
SMF1,YOL122C
SSM4,YIL030C
IRC7,YFR055W
URA8,YJR103W
GAS2,YLR343W
Uncharacterized,YNL089C
GLC7,YER133W
Uncharacterized,YLR334C
SFM1,YOR021C
UFD2,YDL190C
Uncharacterized,YBR051W
SPS100,YHR139C
RAD4,YER162C
ZRC1,YMR243C
NSA1,YGL111W
KIC1,YHR102W
MLC2,YPR188C
PAU17,YLL025W
FYV8,YGR196C
Uncharacterized,YLR281C
Uncharacterized,YDR433W
ALD4,YOR374W
MOH1,YBL049W
Uncharacterized,YLR416C
CWH36,YCL007C
TOF2,YKR010C
ARP6,YLR085C
Uncharacterized,YGL024W
CAD1,YDR423C
AIM45,YPR004C
SYC1,YOR179C
SRB8,YCR081W
RCH1,YMR034C
APL6,YGR261C
SLM2,YNL047C
MPS3,YJL019W
RPL30,YGL030W
RNR4,YGR180C
CTA1,YDR256C
RPS19b,YNL302C
ASC1,YMR116C
ADE6,YGR061C
HCA4,YJL033W
PDR5,YOR153W
CIN2,YPL241C
RMP1,YLR145W
TPI1,YDR050C
Uncharacterized,YPR059C
RPS30b,YOR182C
MFT1,YML062C
ALR2,YFL050C
PHO88,YBR106W
CCW12,YLR110C
SDD4,YPR022C
Uncharacterized,YDL023C
DLD3,YEL071W
ROX3,YBL093C
NIS1,YNL078W
LTV1,YKL143W
BNI1,YNL271C
LSM1,YJL124C
GIC1,YHR061C
TSA2,YDR453C
NAT3,YPR131C
PHO85,YPL031C
Uncharacterized,YKL030W
ESBP6,YNL125C
RPS3,YNL178W
CIT1,YNR001C
ESS1,YJR017C
MNT3,YIL014W
TCO89,YPL180W
TAF10,YDR167W
PEX22,YAL055W
PRM5,YIL117C
IME2,YJL106W
Uncharacterized,YBR226C
CPR2,YHR057C
NGL2,YMR285C
YCT1,YLL055W
DUN1,YDL101C
LIN1,YHR156C
PEX32,YBR168W
FKS3,YMR306W
GIP3,YPL137C
CHO2,YGR157W
HUR1,YGL168W
ITR2,YOL103W
RFC2,YJR068W
MPC2,YHR162W
SMD2,YLR275W
UTP23,YOR004W
RUP1,YOR138C
Uncharacterized,YGR139W
Uncharacterized,YNL143C
SPC105,YGL093W
Ho,YDL227C
OXP1,YKL215C
RAD18,YCR066W
Uncharacterized,YDR442W
FSH2,YMR222C
SRP40,YKR092C
APM3,YBR288C
Uncharacterized,YPL277C
MGM1,YOR211C
Uncharacterized,YGR011W
Uncharacterized,YDR521W
MTC3,YGL226W
PAU7,YAR020C
SOG2,YOR353C
FRT1,YOR324C
SNF6,YHL025W
Uncharacterized,YDR537C
ACB1,YGR037C
DDI1,YER143W
RPD3,YNL330C
VNX1,YNL321W
RPS14a,YCR031C
ERV29,YGR284C
MMM1,YLL006W
SPE3,YPR069C
HES1,YOR237W
SIP18,YMR175W
DFG10,YIL049W
Uncharacterized,YLR428C
PDC1,YLR044C
RKM3,YBR030W
ECM2,YBR065C
SEC39,YLR440C
ICT1,YLR099C
SMP3,YOR149C
CSI2,YOL007C
TIF35,YDR429C
RPS24a,YER074W
ERG12,YMR208W
SPT5,YML010W
RPN3,YER021W
AFG1,YEL052W
NNR1,YNL200C
ATP12,YJL180C
SAK1,YER129W
PSR2,YLR019W
BUD28,YLR062C
RPS9a,YPL081W
NUP133,YKR082W
STI1,YOR027W
Uncharacterized,YJL007C
SBE2,YDR351W
WSC4,YHL028W
RTN2,YDL204W
CLB4,YLR210W
Uncharacterized,YLR171W
SVP26,YHR181W
SPO14,YKR031C
TDA9,YML081W
SHC1,YER096W
ECM16,YMR128W
CEG1,YGL130W
EAF6,YJR082C
COX4,YGL187C
VPS53,YJL029C
RPS8a,YBL072C
CWH43,YCR017C
AIM36,YMR157C
CSM3,YMR048W
Uncharacterized,YGR176W
YTH1,YPR107C
GPI2,YPL076W
Uncharacterized,YJR023C
RPS28a,YOR167C
CCE1,YKL011C
MMO1,YKL044W
AIM2,YAL049C
LDB17,YDL146W
ROD1,YOR018W
ARG7,YMR062C
ERG5,YMR015C
Uncharacterized,YGL262W
MCM6,YGL201C
Uncharacterized,YPR084W
GRS1,YBR121C
FLO9,YAL063C
OM45,YIL136W
RTC2,YBR147W
YDJ1,YNL064C
AHC1,YOR023C
HHT2,YNL031C
Uncharacterized,YPL114W
MMR1,YLR190W
RPL2b,YIL018W
Uncharacterized,YML119W
NUP1,YOR098C
CNM67,YNL225C
MNL1,YHR204W
MSC7,YHR039C
CHK1,YBR274W
Uncharacterized,YBL012C
SCC2,YDR180W
Uncharacterized,YOR318C
RPL18a,YOL120C
Uncharacterized,YAR069C
CST6,YIL036W
Uncharacterized,YFR057W
GAL11,YOL051W
MNT4,YNR059W
SEG1,YMR086W
AIM20,YIL158W
TOM6,YOR045W
Uncharacterized,YDR476C
Uncharacterized,YDR029W
RSM26,YJR101W
SPO77,YLR341W
PIN4,YBL051C
Uncharacterized,YER135C
RPL15a,YLR029C
ARF1,YDL192W
PEF1,YGR058W
GRE3,YHR104W
MCD1,YDL003W
UBC4,YBR082C
Uncharacterized,YBR053C
MDH3,YDL078C
FMC1,YIL098C
PPM1,YDR435C
HNT3,YOR258W
RER1,YCL001W
Uncharacterized,YOR376W
RFA1,YAR007C
YPP1,YGR198W
ISA1,YLL027W
CRM1,YGR218W
PUN1,YLR414C
TEM1,YML064C
Uncharacterized,YKR012C
NDC1,YML031W
FOL2,YGR267C
MIH1,YMR036C
ISF1,YMR081C
HNT1,YDL125C
Uncharacterized,YMR114C
STT3,YGL022W
ICL2,YPR006C
INO1,YJL153C
Uncharacterized,YDR431W
SCJ1,YMR214W
DCI1,YOR180C
RPL37b,YDR500C
SPT4,YGR063C
ATP20,YPR020W
Uncharacterized,YEL077C
SDA1,YGR245C
RSA3,YLR221C
SRP68,YPL243W
ITR1,YDR497C
SMD3,YLR147C
RTK1,YDL025C
CAK1,YFL029C
MAP2,YBL091C
CAM1,YPL048W
SPN1,YPR133C
ARG2,YJL071W
NMA111,YNL123W
VPS74,YDR372C
Uncharacterized,YOR111W
PTK1,YKL198C
RPT1,YKL145W
COG6,YNL041C
PEP7,YDR323C
RAD28,YDR030C
LSB6,YJL100W
IXR1,YKL032C
PIR3,YKL163W
Uncharacterized,YKL118W
DLD2,YDL178W
LAM4,YHR080C
HST2,YPL015C
MSS2,YDL107W
Uncharacterized,YNR029C
AEP1,YMR064W
Uncharacterized,YPL142C
ALY2,YJL084C
Uncharacterized,YBR224W
SRB6,YBR253W
WSC3,YOL105C
COX5b,YIL111W
RTT107,YHR154W
ISU1,YPL135W
Uncharacterized,YGR151C
PEX18,YHR160C
Uncharacterized,YIL177C
BUD9,YGR041W
MRX4,YPL168W
UBP15,YMR304W
PIG1,YLR273C
Uncharacterized,YGR137W
ATG22,YCL038C
SHS1,YDL225W
MVD1,YNR043W
TOA2,YKL058W
MDH1,YKL085W
HAL9,YOL089C
Uncharacterized,YHL018W
Uncharacterized,YIR020C
NUP188,YML103C
JEN1,YKL217W
EFM4,YIL064W
RPL40b,YKR094C
SNU71,YGR013W
BOL2,YGL220W
UBC12,YLR306W
MEK1,YOR351C
TDA1,YMR291W
FDC1,YDR539W
MMT1,YMR177W
Uncharacterized,YJR146W
Uncharacterized,YGR035C
RIM101,YHL027W
BIO2,YGR286C
Uncharacterized,YNL266W
Uncharacterized,YLR046C
PHO87,YCR037C
ABP140,YOR239W
MDM32,YOR147W
ORC3,YLL004W
TIP1,YBR067C
TPA1,YER049W
TVP15,YDR100W
ERV25,YML012W
RPL12a,YEL054C
Uncharacterized,YLL059C
MDM12,YOL009C
AQY1,YPR192W
RFC1,YOR217W
POL12,YBL035C
FRS1,YLR060W
MTD1,YKR080W
Uncharacterized,YER076C
TUB3,YML124C
RGL1,YPL066W
Uncharacterized,YJL182C
REB1,YBR049C
Uncharacterized,YOR282W
PAA1,YDR071C
TRR1,YDR353W
VMA22,YHR060W
Uncharacterized,YCR099C
AIM33,YML087C
Uncharacterized,YDL206W
PUP3,YER094C
PRE3,YJL001W
GND1,YHR183W
AST2,YER101C
Uncharacterized,YJL027C
Uncharacterized,YMR155W
Uncharacterized,YLR173W
SPC34,YKR037C
MAK32,YCR019W
TUB4,YLR212C
Uncharacterized,YGL132W
CPR3,YML078W
AAR2,YBL074C
PNS1,YOR161C
YAP5,YIR018W
NAS2,YIL007C
TIF11,YMR260C
EFT1,YOR133W
YTA6,YPL074W
FCF1,YDR339C
Uncharacterized,YNL320W
SPT16,YGL207W
ADH5,YBR145W
RPB2,YOR151C
DCW1,YKL046C
BNA1,YJR025C
CBP4,YGR174C
SAM37,YMR060C
SPE1,YKL184W
MRX12,YJR003C
Uncharacterized,YDL144C
ENT3,YJR125C
SUA7,YPR086W
Uncharacterized,YLR365W
FMP27,YLR454W
BNA2,YJR078W
AMS1,YGL156W
FAR10,YLR238W
HOS3,YPL116W
TEF2,YBR118W
Uncharacterized,YMR295C
Uncharacterized,YNL033W
GCD10,YNL062C
FUS3,YBL016W
GCD2,YGR083C
PMT4,YJR143C
FLX1,YIL134W
GNA1,YFL017C
Uncharacterized,YJL163C
Uncharacterized,YDR262W
TVP23,YDR084C
CDC1,YDR182W
Uncharacterized,YGL152C
Uncharacterized,YBL010C
RFC3,YNL290W
RUB1,YDR139C
PPS1,YBR276C
CCR4,YAL021C
Uncharacterized,YOL079W
JJJ1,YNL227C
MDH2,YOL126C
COT1,YOR316C
TFC1,YBR123C
CAP2,YIL034C
WHI2,YOR043W
UGO1,YDR470C
TAF5,YBR198C
KAP95,YLR347C
CBR1,YIL043C
MUS81,YDR386W
LIH1,YJR107W
NDI1,YML120C
FRE4,YNR060W
IGO1,YNL157W
PYC2,YBR218C
IBD2,YNL164C
Uncharacterized,YGL069C
CMR1,YDL156W
TRR2,YHR106W
SEC18,YBR080C
VPS54,YDR027C
Uncharacterized,YER137C
YRB2,YIL063C
HRD1,YOL013C
RMD1,YDL001W
MRS6,YOR370C
Uncharacterized,YBR071W
SAR1,YPL218W
MRP4,YHL004W
Uncharacterized,YEL028W
KEL3,YPL263C
SMA2,YML066C
MRX9,YDL027C
GAL2,YLR081W
ATP2,YJR121W
SAC7,YDR389W
ARL3,YPL051W
PIC2,YER053C
YPT52,YKR014C
PMA1,YGL008C
Uncharacterized,YGR265W
GET1,YGL020C
HAA1,YPR008W
ADH3,YMR083W
BER1,YLR412W
NOP16,YER002W
PCL2,YDL127W
CPD1,YGR247W
Uncharacterized,YOR186W
SKY1,YMR216C
SYG1,YIL047C
ATH1,YPR026W
MED11,YMR112C
SAM2,YDR502C
VHT1,YGR065C
Uncharacterized,YPL245W
AIM46,YHR199C
VPS3,YDR495C
Uncharacterized,YEL075C
SNO2,YNL334C
CWH41,YGL027C
RPG1,YBR079C
WBP1,YEL002C
PBS2,YJL128C
RAM1,YDL090C
AQY3,YFL054C
BRN1,YBL097W
JEM1,YJL073W
YCG1,YDR325W
Uncharacterized,YPL035C
Uncharacterized,YNL174W
TOM70,YNL121C
RCK2,YLR248W
CTF4,YPR135W
SDH3,YKL141W
MEF2,YJL102W
Uncharacterized,YNL043C
PBR1,YNL181W
PRS4,YBL068W
CWC15,YDR163W
NSE4,YDL105W
ADE2,YOR128C
KSP1,YHR082C
NUT2,YPR168W
ART10,YLR392C
UBX6,YJL048C
IRC15,YPL017C
KDX1,YKL161C
MRPS5,YBR251W
Uncharacterized,YMR099C
SDP1,YIL113W
Uncharacterized,YOL107W
PIS1,YPR113W
PRE9,YGR135W
MDM34,YGL219C
OAF1,YAL051W
PWP2,YCR057C
Uncharacterized,YKL070W
MKK2,YPL140C
SPO12,YHR152W
Uncharacterized,YJL086C
PHA2,YNL316C
Uncharacterized,YKL147C
KTR5,YNL029C
CDC23,YHR166C
SRM1,YGL097W
MET18,YIL128W
UCC1,YLR224W
CYT2,YKL087C
RPN8,YOR261C
Uncharacterized,YGR168C
RNR3,YIL066C
AVT7,YIL088C
SPO74,YGL170C
COQ2,YNR041C
GAS5,YOL030W
CUE4,YML101C
PKP2,YGL059W
OCA1,YNL099C
ESL2,YKR096W
DCC1,YCL016C
AIM17,YHL021C
IRC6,YFR043C
URM1,YIL008W
SNX3,YOR357C
IRC5,YFR038W
Uncharacterized,YGR153W
YAT1,YAR035W
CYC2,YOR037W
TIM21,YGR033C
MGM101,YJR144W
EDC1,YGL222C
ARP1,YHR129C
FIT3,YOR383C
ATP15,YPL271W
EAR1,YMR171C
TAF2,YCR042C
RPS0b,YLR048W
TRM7,YBR061C
Uncharacterized,YDR102C
TRM732,YMR259C
RRP43,YCR035C
VTC3,YPL019C
PNO1,YOR145C
AIM41,YOR215C
APL3,YBL037W
HAT2,YEL056W
STP4,YDL048C
GPN2,YOR262W
SPS18,YNL204C
SAE2,YGL175C
RPC82,YPR190C
FMP23,YBR047W
SFL1,YOR140W
TOF1,YNL273W
COX16,YJL003W
UBC11,YOR339C
RNR1,YER070W
RIM21,YNL294C
RPS21a,YKR057W
HUA2,YOR284W
DDP1,YOR163W
AIM32,YML050W
Uncharacterized,YDR239C
IOC4,YMR044W
THI3,YDL080C
SNF11,YDR073W
TKL1,YPR074C
TUB1,YML085C
PFS1,YHR185C
AMD2,YDR242W
CBF5,YLR175W
RRN7,YJL025W
Uncharacterized,YDR048C
TIF2,YJL138C
SSA4,YER103W
Uncharacterized,YMR262W
ACS2,YLR153C
ILS1,YBL076C
PCL10,YGL134W
DCN1,YLR128W
BET3,YKR068C
SSS1,YDR086C
SUP45,YBR143C
Uncharacterized,YIR016W
UBP16,YPL072W
LCB3,YJL134W
FMP33,YJL161W
RPS22b,YLR367W
UTP6,YDR449C
Uncharacterized,YHR045W
POX1,YGL205W
UTH1,YKR042W
CRD1,YDL142C
SOV1,YMR066W
AVT1,YJR001W
DSD1,YGL196W
CBP1,YJL209W
AKR1,YDR264C
Uncharacterized,YNL035C
Uncharacterized,YFL015C
PRC1,YMR297W
SSP120,YLR250W
Uncharacterized,YML122C
SLX9,YGR081C
ERS1,YCR075C
DUG2,YBR281C
GRR1,YJR090C
CIN1,YOR349W
INO80,YGL150C
PMT2,YAL023C
RSF2,YJR127C
HSP42,YDR171W
Uncharacterized,YOR314W
BIT2,YBR270C
Uncharacterized,YOR041C
RTS1,YOR014W
ECM19,YLR390W
LEU5,YHR002W
Uncharacterized,YLR345W
TFB1,YDR311W
TRS31,YDR472W
RPL6b,YLR448W
CUZ1,YNL155W
Uncharacterized,YNR062C
LDS1,YAL018C
MIC27,YNL100W
YBP1,YBR216C
NDD1,YOR372C
Uncharacterized,YDR491C
RPS11a,YDR025W
GGA2,YHR108W
IST2,YBR086C
SWD1,YAR003W
TAF9,YMR236W
RGA1,YOR127W
PLB3,YOL011W
TRM11,YOL124C
PUF3,YLL013C
ECM7,YLR443W
Uncharacterized,YPL261C
YRF1-1,YDR545W
HSE1,YHL002W
JHD1,YER051W
PCF11,YDR228C
PKC1,YBL105C
FMP52,YER004W
PRP19,YLL036C
MIC60,YKR016W
ARP2,YDL029W
EMP70,YLR083C
SMF3,YLR034C
YPK3,YBR028C
Uncharacterized,YMR085W
Uncharacterized,YHR219W
ROX1,YPR065W
Uncharacterized,YDL121C
SER1,YOR184W
RPT2,YDL007W
MGL2,YMR210W
SPG3,YDR504C
Uncharacterized,YGR067C
PET123,YOR158W
YME1,YPR024W
YAP1802,YGR241C
MZM1,YDR493W
Uncharacterized,YPL247C
Uncharacterized,YGL036W
Uncharacterized,YPR053C
MRP49,YKL167C
MRX3,YBL095W
DGA1,YOR245C
SRP14,YDL092W
Uncharacterized,YMR027W
RRP9,YPR137W
TRS33,YOR115C
Uncharacterized,YDR327W
SEC13,YLR208W
NDE1,YMR145C
Uncharacterized,YJL075C
Uncharacterized,YDR455C
Uncharacterized,YCL041C
HFD1,YMR110C
ACL4,YDR161W
CWC23,YGL128C
Uncharacterized,YDR209C
HCM1,YCR065W
FYV4,YHR059W
MEC3,YLR288C
TAF3,YPL011C
Uncharacterized,YBR013C
STB1,YNL309W
IRC19,YLL033W
CYC1,YJR048W
DBF20,YPR111W
STE12,YHR084W
FLC2,YAL053W
POP4,YBR257W
VPS45,YGL095C
PGA2,YNL149C
NOP53,YPL146C
UME1,YPL139C
SCP160,YJL080C
AIR1,YIL079C
STB6,YKL072W
PEX4,YGR133W
DOM34,YNL001W
Uncharacterized,YBR137W
Uncharacterized,YJR128W
TDA7,YNL176C
VTH1,YIL173W
Uncharacterized,YJL152W
PEX28,YHR150W
DBR1,YKL149C
TEF4,YKL081W
DNA2,YHR164C
MLH3,YPL164C
RCE1,YMR274C
BUR2,YLR226W
RPN1,YHR027C
SSB1,YDL229W
OPI10,YOL032W
Uncharacterized,YIL060W
FPK1,YNR047W
ERJ5,YFR041C
PML39,YML107C
GDS1,YOR355W
UBP11,YKR098C
ERT1,YBR239C
YIA6,YIL006W
PCL7,YIL050W
YPF1,YKL100C
SHE4,YOR035C
IMO32,YGR031W
GAD1,YMR250W
DDR48,YMR173W
Uncharacterized,YJR142W
NPR3,YHL023C
Uncharacterized,YER158C
MATALPHA1,YCR040W
HIS1,YER055C
YCK3,YER123W
FET4,YMR319C
ADD66,YKL206C
Uncharacterized,YGL177W
DRS1,YLL008W
GMC1,YDR506C
SHE1,YBL031W
Uncharacterized,YDR391C
GCD1,YOR260W
Uncharacterized,YPR196W
Uncharacterized,YHL049C
GAT3,YLR013W
CET1,YPL228W
PER33,YLR064W
GIP1,YBR045C
RDR1,YOR380W
VTC1,YER072W
BIT61,YJL058C
CUR1,YPR158W
GNP1,YDR508C
PPH3,YDR075W
YRF1-6,YNL339C
MRPL9,YGR220C
Uncharacterized,YLR177W
SUR7,YML052W
SNU56,YDR240C
RTT102,YGR275W
Uncharacterized,YPR076W
RDL2,YOR286W
IKI1,YHR187W
THI80,YOR143C
HIF1,YLL022C
Uncharacterized,YBR063C
NUP157,YER105C
PET130,YJL023C
SEA4,YBL104C
EUG1,YDR518W
MCD4,YKL165C
ATG16,YMR159C
PCD1,YLR151C
CUE1,YMR264W
MRM2,YGL136C
RLF2,YPR018W
SPC25,YER018C
BMT2,YBR141C
RPS21b,YJL136C
MTQ2,YDR140W
ABF1,YKL112W
VPS41,YDR080W
RAD16,YBR114W
Uncharacterized,YPL025C
Uncharacterized,YIR014W
MUK1,YPL070W
DCR2,YLR361C
AFT2,YPL202C
Uncharacterized,YNL105W
RPL17a,YKL180W
SUI2,YJR007W
Uncharacterized,YKR040C
UBP9,YER098W
MPH1,YIR002C
AAP1,YHR047C
Uncharacterized,YJL118W
ERG26,YGL001C
IWR1,YDL115C
RPO21,YDL140C
HEL2,YDR266C
Uncharacterized,YPL107W
IDH1,YNL037C
Uncharacterized,YKL091C
IES1,YFL013C
HOS2,YGL194C
PFK26,YIL107C
Uncharacterized,YLR252W
Uncharacterized,YOR029W
Uncharacterized,YDL114W
PDC6,YGR087C
NAT2,YGR147C
MYO2,YOR326W
BUD4,YJR092W
MAK16,YAL025C
Uncharacterized,YMR320W
RRN6,YBL014C
Uncharacterized,YLR269C
ERP4,YOR016C
NEM1,YHR004C
TIM22,YDL217C
GIM3,YNL153C
PIB1,YDR313C
SDS24,YBR214W
Uncharacterized,YNR064C
FAR7,YFR008W
ARO4,YBR249C
POL1,YNL102W
RNH1,YMR234W
SWS2,YNL081C
LYS21,YDL131W
MRE11,YMR224C
MIS1,YBR084W
RIP1,YEL024W
ACM1,YPL267W
WHI5,YOR083W
SES1,YDR023W
WTM2,YOR229W
RPL20b,YOR312C
ESC8,YOL017W
RNY1,YPL123C
Uncharacterized,YIL029C
Uncharacterized,YHR131C
HSM3,YBR272C
PDI1,YCL043C
GRE2,YOL151W
Uncharacterized,YPR097W
SNQ2,YDR011W
ATP5,YDR298C
RVS161,YCR009C
RIX7,YLL034C
MED1,YPR070W
APC4,YDR118W
ALD3,YMR169C
NUG1,YER006W
Uncharacterized,YLR118C
MAK3,YPR051W
Uncharacterized,YLR036C
RBS1,YDL189W
SNA4,YDL123W
RRP36,YOR287C
SIN4,YNL236W
Uncharacterized,YMR087W
YET3,YDL072C
ADO1,YJR105W
MED2,YDL005C
PDR10,YOR328W
EFR3,YMR212C
SHM2,YLR058C
SRL1,YOR247W
ELO1,YJL196C
MAL12,YGR292W
EMW1,YNL313C
YEA6,YEL006W
MPC3,YGR243W
OCH1,YGL038C
TGL2,YDR058C
THI5,YFL058W
GYP5,YPL249C
Uncharacterized,YGR069W
Uncharacterized,YDL109C
Uncharacterized,YDL094C
RAD10,YML095C
SED4,YCR067C
ENT2,YLR206W
LOA1,YPR139C
MRPL19,YNL185C
CSI1,YMR025W
Uncharacterized,YMR147W
RPT5,YOR117W
Uncharacterized,YGR269W
FIG2,YCR089W
Uncharacterized,YPR117W
NAM8,YHR086W
SAM35,YHR083W
MNN2,YBR015C
MRPS16,YPL013C
